signup_platform,user_created_at,metro,birth_date,first_search_time
android,2019-01-13 12:47:18,Madrid,1998-04-06,2019-07-10 10:16:32
ios,2019-01-18 17:42:35,Madrid,1989-01-14,
android,2019-01-18 14:00:39,Madrid,1989-02-07,2019-01-18 14:47:50
web,2019-01-18 0:38:00,Madrid,1979-05-07,2019-01-18 0:44:09
android,2019-01-18 14:12:56,Madrid,1997-01-15,2019-01-18 14:14:14
ios,2019-01-18 8:26:02,Barcelona,1997-07-12,2019-02-15 17:18:35
android,2019-01-18 9:02:49,Madrid,1988-11-03,2019-02-07 14:53:45
ios,2019-01-18 5:43:16,Madrid,1990-05-29,2019-01-18 5:46:34
ios,2019-01-18 7:12:19,Madrid,1993-06-10,2019-01-18 7:20:37
android,2019-01-18 16:51:21,Barcelona,1992-08-01,2019-05-12 13:25:47
web,2019-01-18 19:13:05,Barcelona,1966-06-06,
web,2019-01-18 9:06:12,Barcelona,1975-09-18,2019-01-18 9:12:10
ios,2019-01-18 13:48:42,Madrid,1991-11-06,2019-01-18 13:51:06
ios,2019-01-18 21:28:41,Madrid,1984-09-30,2019-01-18 21:31:01
web,2019-01-18 20:08:32,Madrid,1984-12-11,2019-02-07 8:45:54
ios,2019-01-18 10:33:39,Madrid,1987-09-12,2019-09-05 14:20:14
android,2019-01-18 9:36:28,Valencia,1988-07-01,2019-01-18 9:39:39
android,2019-01-18 15:01:44,Madrid,1974-06-05,2019-05-15 4:57:39
ios,2019-01-18 11:43:39,Madrid,1997-08-02,2019-04-27 9:57:07
ios,2019-01-18 22:39:27,Barcelona,1993-04-22,
android,2019-01-18 9:34:00,Madrid,1993-02-24,2019-02-24 22:59:47
android,2019-01-18 13:40:22,Barcelona,1999-09-27,
ios,2019-01-18 21:13:24,Madrid,1998-11-02,2019-01-18 21:14:16
ios,2019-01-18 22:45:18,Barcelona,1987-12-05,2019-01-19 0:04:11
android,2019-01-18 11:36:46,Madrid,1990-04-29,2019-06-08 18:47:36
android,2019-01-18 13:49:09,Barcelona,1988-09-30,2019-01-18 13:53:55
android,2019-01-18 21:34:56,Madrid,1998-05-12,
android,2019-01-18 10:10:28,Barcelona,1992-08-15,2019-01-18 10:17:03
android,2019-01-18 14:12:09,Madrid,1980-02-19,2019-01-19 10:06:18
android,2019-01-18 19:25:10,Madrid,1970-01-07,2019-02-21 18:41:00
ios,2019-01-18 18:00:40,Barcelona,1995-03-09,2019-01-18 18:03:08
ios,2019-01-18 22:53:36,Barcelona,1972-02-09,2019-01-18 23:26:50
android,2019-01-18 15:03:13,Barcelona,1998-03-12,2019-01-18 15:08:52
android,2019-01-18 11:45:51,Barcelona,1994-01-27,2019-01-18 11:57:21
android,2019-01-18 14:59:55,Madrid,1990-10-09,2019-01-18 15:43:28
web,2019-01-18 11:56:34,Madrid,1994-10-24,2019-01-19 11:00:39
android,2019-01-18 22:46:51,Barcelona,1989-01-01,2019-03-24 10:50:32
web,2019-01-18 21:48:54,Barcelona,1999-11-23,2019-01-21 17:43:25
web,2019-01-26 15:45:47,Barcelona,1990-07-04,2019-02-12 23:32:57
android,2019-01-26 20:06:33,Madrid,1993-03-25,2019-01-26 20:06:59
android,2019-01-26 22:42:26,Barcelona,1988-10-25,2019-01-26 23:20:15
android,2019-01-26 8:02:32,Madrid,1980-04-26,2019-01-26 22:04:39
ios,2019-01-26 22:13:36,Madrid,1995-06-18,2019-02-09 6:49:10
android,2019-01-26 10:26:32,Barcelona,1992-01-11,2019-01-26 15:48:30
ios,2019-01-26 23:28:25,Madrid,1980-04-04,2019-01-27 9:02:51
web,2019-01-26 19:07:24,Madrid,1992-06-17,2019-01-26 19:08:15
android,2019-01-26 9:28:18,Barcelona,2000-07-28,2019-03-10 18:45:41
ios,2019-01-26 9:04:09,Madrid,1992-09-08,2019-01-26 9:05:31
ios,2019-01-26 12:28:43,Valencia,1991-01-01,2019-01-26 12:33:50
ios,2019-01-26 13:27:58,Barcelona,1989-03-09,2019-01-26 13:30:47
android,2019-01-26 15:31:45,Barcelona,1981-05-15,2019-04-04 11:05:27
android,2019-01-26 23:49:35,Barcelona,1979-06-23,2019-03-20 7:55:57
ios,2019-01-26 18:38:28,Barcelona,1994-03-08,2019-02-06 15:02:41
android,2019-01-26 21:57:02,Madrid,1988-09-24,2019-01-26 21:58:02
android,2019-01-26 21:34:13,Madrid,1992-11-24,
android,2019-01-26 7:42:12,Barcelona,1991-03-31,2019-01-26 7:46:21
ios,2019-01-26 17:24:27,Valencia,1994-04-04,2019-01-26 17:27:20
android,2019-01-26 0:48:00,Madrid,1984-02-14,2019-01-26 0:53:16
ios,2019-01-26 15:39:15,Madrid,1992-01-01,2019-01-26 15:48:04
android,2019-01-26 9:58:53,Valencia,1985-02-25,2019-03-27 16:48:15
ios,2019-01-26 16:42:37,Madrid,1997-02-05,2019-01-26 16:48:44
web,2019-01-23 19:18:47,Madrid,1994-05-03,2019-01-24 21:53:48
ios,2019-01-26 16:25:31,Madrid,1988-08-31,2019-01-26 16:31:50
ios,2019-01-26 11:54:09,Barcelona,1993-02-19,2019-01-26 11:57:52
ios,2019-01-26 14:31:40,Madrid,1986-10-22,2019-02-08 17:04:10
android,2019-01-26 12:34:31,Barcelona,1992-02-18,2019-01-29 1:44:57
ios,2019-01-26 19:00:01,Valencia,1990-12-20,2019-01-26 19:02:43
android,2019-01-26 6:13:05,Barcelona,1977-05-26,2019-01-26 6:14:03
ios,2019-01-26 23:13:35,Barcelona,1991-07-29,2019-01-26 23:25:34
android,2019-01-26 23:27:02,Madrid,1970-06-13,2019-02-08 0:10:37
ios,2019-01-26 20:36:46,Barcelona,1976-07-14,2019-04-06 8:05:48
android,2019-01-26 13:16:34,Madrid,1999-04-28,2019-01-26 13:16:55
android,2019-01-26 11:13:57,Madrid,1995-03-05,2019-01-26 11:21:01
ios,2019-01-26 17:31:53,Madrid,1991-05-21,2019-01-26 17:34:57
android,2019-01-28 14:41:22,Madrid,1978-08-29,2019-02-01 6:49:23
android,2019-01-28 12:54:20,Barcelona,1991-09-03,2019-01-28 19:45:55
android,2019-01-28 11:11:22,Barcelona,1992-05-21,2019-01-28 13:25:29
ios,2019-01-28 20:55:45,Barcelona,1993-11-26,2019-01-28 22:48:04
android,2019-01-28 16:55:33,Barcelona,1980-09-16,2019-02-09 14:44:14
android,2019-01-28 7:01:23,Barcelona,1990-06-22,2019-02-12 22:48:39
ios,2019-01-28 21:18:17,Barcelona,1986-02-23,2019-01-28 21:22:24
android,2019-01-28 17:30:51,Barcelona,1992-02-24,2019-01-28 17:35:11
ios,2019-01-28 21:55:06,Madrid,1991-10-09,2019-01-28 22:20:05
android,2019-01-28 18:28:43,Madrid,1985-02-05,2019-02-07 21:18:04
ios,2019-01-28 18:27:33,Barcelona,1977-01-15,2019-01-28 18:35:05
android,2019-01-28 23:36:18,Madrid,1981-07-06,2019-01-29 0:20:08
android,2019-01-28 16:02:23,Madrid,1987-06-01,2019-03-20 15:35:39
android,2019-01-28 11:05:13,Madrid,1998-09-15,2019-01-28 11:11:15
ios,2019-01-28 10:01:49,Barcelona,1991-10-31,
web,2019-01-28 17:34:40,Valencia,1992-02-04,2019-01-28 17:34:59
web,2019-01-28 17:32:45,Valencia,1990-02-25,2019-02-12 9:20:25
android,2019-01-28 21:50:10,Madrid,1991-06-24,2019-01-28 21:51:42
android,2019-01-28 20:56:09,Barcelona,1990-08-21,2019-01-28 20:57:36
ios,2019-01-28 17:24:37,Madrid,1981-02-13,2019-01-28 17:37:43
ios,2019-01-28 16:05:52,Madrid,1993-04-14,2019-02-08 17:16:11
android,2019-01-28 19:27:23,Valencia,1996-12-19,2019-02-05 14:17:59
android,2019-01-28 14:36:25,Barcelona,1993-05-10,2019-01-28 14:41:07
android,2019-01-28 0:34:07,Barcelona,1994-06-30,2019-01-28 0:36:35
ios,2019-01-28 21:59:02,Barcelona,1997-09-11,2019-01-28 22:09:59
web,2019-01-28 22:53:09,Valencia,1997-11-07,2019-01-28 23:03:56
web,2019-01-28 16:07:32,Madrid,1989-07-17,2019-01-28 16:08:29
android,2019-01-28 12:53:22,Madrid,1995-02-06,2019-01-28 12:53:43
android,2019-01-28 11:22:40,Madrid,1990-11-29,2019-01-28 11:25:53
ios,2019-01-28 4:37:29,Barcelona,1993-01-21,2019-01-28 4:49:21
android,2019-01-28 15:29:27,Barcelona,1977-12-17,2019-01-28 15:42:05
android,2019-01-28 16:58:44,Barcelona,1998-03-24,2019-01-28 19:34:32
android,2019-01-28 19:57:13,Barcelona,1991-09-21,2019-01-28 20:14:13
android,2019-01-28 8:22:25,Barcelona,1982-08-27,2019-02-06 22:38:05
android,2019-01-28 17:11:55,Valencia,1990-12-16,2019-01-28 17:17:10
ios,2019-01-28 20:29:14,Barcelona,1994-08-24,
android,2019-01-28 19:18:13,Valencia,1991-10-23,2019-02-18 13:47:37
android,2019-01-28 22:07:07,Barcelona,1995-05-16,2019-05-14 8:36:32
ios,2019-01-28 21:54:37,Madrid,2000-04-24,2019-01-28 22:02:37
ios,2019-01-28 19:58:39,Barcelona,1990-05-02,
android,2019-01-28 22:02:35,Madrid,1980-02-19,2019-01-28 22:04:46
ios,2019-01-28 14:52:50,Barcelona,1987-06-17,2019-03-29 8:09:29
ios,2019-01-28 17:10:34,Valencia,1983-06-30,2019-01-28 17:15:46
android,2019-01-28 18:04:48,Madrid,1995-05-03,2019-01-28 18:15:17
android,2019-01-28 23:25:06,Barcelona,1968-12-17,2019-01-28 23:44:55
android,2019-01-28 18:05:56,Barcelona,1996-04-26,2019-01-28 18:07:34
ios,2019-01-28 18:02:15,Barcelona,1991-02-06,2019-01-28 18:14:12
ios,2019-01-28 16:52:29,Barcelona,2000-02-23,2019-02-19 9:07:56
android,2019-02-04 23:11:34,Valencia,1982-02-25,2019-02-04 23:16:48
android,2019-01-24 20:32:04,Madrid,1989-03-08,2019-02-17 20:21:13
web,2019-01-24 12:56:21,Barcelona,1984-10-10,2019-03-20 15:36:29
ios,2019-01-13 9:22:39,Barcelona,1990-06-08,2019-01-24 22:05:34
android,2019-01-13 17:08:47,Madrid,1991-06-30,2019-01-13 17:10:52
web,2019-01-24 20:29:30,Barcelona,1992-06-23,
web,2019-01-13 21:12:59,Madrid,1991-05-13,2019-01-13 21:26:06
web,2019-01-24 14:52:40,Barcelona,1961-03-01,
android,2019-01-13 11:35:07,Madrid,1994-08-10,2019-01-13 11:40:36
android,2019-01-13 20:59:48,Madrid,1982-05-17,2019-01-14 6:52:43
android,2019-01-13 10:34:13,Madrid,1996-04-24,2019-01-13 10:35:29
ios,2019-01-24 21:24:41,Barcelona,1984-05-18,2019-02-13 13:41:56
android,2019-01-24 5:12:59,Madrid,1988-09-28,2019-01-24 5:15:57
android,2019-01-13 18:29:29,Madrid,1995-01-31,2019-01-13 19:10:48
android,2019-01-13 17:52:48,Madrid,1965-12-04,2019-01-13 18:08:00
android,2019-01-13 12:36:36,Valencia,1996-12-31,2019-01-18 20:44:03
ios,2019-01-13 20:47:39,Barcelona,1997-01-04,2019-01-15 11:13:41
android,2019-01-24 14:50:34,Madrid,2000-09-22,2019-01-24 14:59:11
android,2019-01-13 21:24:47,Madrid,1997-11-07,2019-01-13 21:28:53
ios,2019-01-24 19:01:16,Madrid,1995-01-07,2019-01-24 19:21:15
android,2019-01-24 16:12:54,Valencia,1992-05-23,2019-02-13 14:51:08
android,2019-01-24 20:07:52,Barcelona,1990-05-19,2019-02-07 12:45:26
ios,2019-01-13 15:33:37,Madrid,1993-07-28,2019-01-13 15:38:16
ios,2019-01-13 14:57:52,Madrid,1957-10-11,2019-01-13 15:01:54
web,2019-01-13 18:50:17,Madrid,1993-04-15,2019-01-13 19:01:50
ios,2019-01-24 21:48:12,Madrid,1992-05-03,2019-02-20 23:21:26
android,2019-01-13 22:30:17,Barcelona,1982-10-06,
android,2019-01-24 13:52:28,Barcelona,1993-03-25,2019-03-20 17:03:21
ios,2019-01-13 10:37:31,Barcelona,1976-01-24,2019-01-13 10:46:38
ios,2019-01-13 0:58:04,Barcelona,1990-07-17,2019-01-13 1:04:49
android,2019-01-24 21:17:33,Barcelona,1973-04-07,
android,2019-01-13 14:12:24,Barcelona,1993-08-20,2019-01-13 14:13:37
ios,2019-01-24 9:11:34,Madrid,1992-05-07,2019-01-24 9:13:58
ios,2019-01-24 21:03:24,Madrid,1989-11-09,
android,2019-01-24 18:58:06,Barcelona,1987-05-23,2019-01-24 19:04:54
android,2019-01-13 8:34:36,Barcelona,1991-03-23,2019-03-06 19:38:51
web,2019-01-24 18:49:43,Barcelona,1987-04-14,2019-01-26 18:25:35
android,2019-01-13 13:37:41,Madrid,1991-10-13,2019-01-24 17:46:15
ios,2019-01-13 16:22:24,Madrid,2000-04-18,2019-01-13 16:25:37
android,2019-01-13 10:59:40,Madrid,1992-09-22,2019-01-13 11:01:42
android,2019-01-24 23:52:33,Barcelona,1998-03-13,2019-05-07 14:09:33
web,2019-01-13 10:45:40,Barcelona,1950-01-01,2019-01-13 10:46:11
android,2019-01-13 7:56:44,Madrid,1996-03-17,2019-01-13 22:46:38
ios,2019-01-24 10:10:36,Barcelona,1997-10-29,2019-01-24 10:34:03
android,2019-01-13 10:10:51,Madrid,1986-08-15,2019-01-14 17:39:29
web,2019-01-13 17:18:57,Madrid,1983-03-19,2019-01-13 17:20:42
ios,2019-01-13 17:27:16,Barcelona,1996-11-07,2019-01-18 16:25:57
ios,2019-01-24 10:20:00,Barcelona,1991-06-10,2019-01-24 10:49:05
ios,2019-01-13 14:33:58,Madrid,1990-06-09,2019-01-13 14:38:25
ios,2019-01-24 21:15:35,Barcelona,1983-10-01,2019-01-24 21:26:01
android,2019-01-24 17:27:56,Barcelona,1985-03-21,2019-01-24 20:41:32
android,2019-01-24 10:26:07,Valencia,1992-09-14,2019-01-24 10:28:17
android,2019-01-13 12:25:58,Madrid,1994-08-19,2019-02-17 15:15:16
ios,2019-01-13 9:35:55,Madrid,1996-01-01,
ios,2019-01-13 18:59:09,Madrid,1997-10-19,2019-01-15 14:34:47
android,2019-01-13 15:20:59,Madrid,1989-07-06,2019-01-13 15:22:35
android,2019-01-24 12:04:24,Barcelona,1991-03-26,2019-01-24 12:08:14
android,2019-01-24 21:23:49,Madrid,1988-12-18,2019-01-24 21:24:57
android,2019-01-13 4:18:27,Barcelona,1979-01-28,2019-01-13 4:19:36
android,2019-01-13 8:26:32,Barcelona,1994-09-26,2019-01-13 8:27:43
ios,2019-01-24 7:02:43,Barcelona,1996-06-19,2019-02-09 15:39:41
android,2019-01-13 20:05:01,Madrid,1981-11-12,2019-03-30 19:11:48
android,2019-01-24 12:39:40,Barcelona,1999-11-30,2019-01-30 18:42:24
android,2019-01-24 11:51:35,Madrid,1996-01-25,2019-01-24 11:57:06
ios,2019-01-13 12:12:28,Madrid,1992-09-14,2019-01-13 12:14:01
web,2019-01-13 12:50:21,Barcelona,1997-02-20,2019-01-13 13:39:33
ios,2019-01-24 14:03:38,Barcelona,1993-01-01,2019-01-24 14:06:26
android,2019-01-24 7:22:01,Barcelona,1987-02-03,2019-01-24 7:26:36
android,2019-01-24 6:30:26,Barcelona,1993-04-06,2019-01-24 6:43:33
android,2019-01-19 7:38:44,Madrid,1980-05-19,2019-01-19 7:44:44
android,2019-01-29 11:37:59,Valencia,1988-09-12,2019-01-29 11:39:14
android,2019-02-01 23:57:57,Barcelona,1987-06-06,2019-02-02 0:01:35
web,2019-02-01 10:00:46,Madrid,1998-01-03,2019-02-01 10:01:59
android,2019-02-01 17:48:40,Barcelona,1996-12-31,2019-02-25 13:41:18
ios,2019-02-01 21:30:40,Madrid,1979-03-11,2019-02-01 21:35:07
android,2019-02-01 15:47:04,Madrid,1991-03-20,2019-02-01 15:55:49
ios,2019-02-01 11:06:42,Barcelona,1985-07-27,2019-02-01 11:09:29
android,2019-02-01 23:36:36,Valencia,1981-09-09,2019-02-01 23:38:26
ios,2019-02-01 22:49:09,Barcelona,1992-04-03,2019-02-01 22:51:36
ios,2019-02-01 7:38:35,Madrid,1992-01-25,2019-02-01 7:41:37
android,2019-02-01 20:35:53,Madrid,1994-07-28,2019-02-01 20:43:51
web,2019-02-01 14:11:36,Barcelona,1992-08-19,2019-02-03 10:13:02
ios,2019-02-01 18:01:47,Barcelona,1989-08-05,2019-02-01 18:04:12
android,2019-02-01 19:31:36,Barcelona,1982-02-27,2019-02-07 6:36:17
android,2019-02-01 21:40:40,Barcelona,1993-10-22,2019-02-01 21:42:54
android,2019-02-01 12:46:42,Madrid,1991-11-14,2019-02-01 12:48:00
ios,2019-02-01 15:55:09,Madrid,1998-08-09,2019-06-18 23:22:10
ios,2019-02-01 13:23:58,Valencia,1978-10-21,
ios,2019-02-01 9:40:44,Madrid,1996-05-10,2019-02-19 16:56:35
android,2019-02-01 18:38:40,Madrid,1993-06-17,2019-02-21 21:27:33
android,2019-02-01 0:30:09,Barcelona,1974-03-30,2019-03-06 23:08:31
android,2019-02-01 21:37:12,Barcelona,1986-03-03,2019-02-01 21:38:16
ios,2019-02-01 17:57:05,Madrid,1993-04-29,2019-02-01 18:00:30
android,2019-02-01 19:28:29,Barcelona,1998-12-12,2019-04-10 23:54:09
android,2019-02-01 15:52:12,Barcelona,1985-07-14,2019-02-01 16:01:55
android,2019-02-01 9:18:08,Barcelona,1985-11-30,2019-02-01 9:20:02
android,2019-02-01 17:20:15,Barcelona,1998-07-29,2019-02-01 17:24:12
android,2019-02-01 21:02:45,Madrid,1994-08-01,2019-02-01 21:11:09
android,2019-02-01 12:54:27,Barcelona,1991-01-31,2019-02-08 16:58:13
ios,2019-02-01 11:20:30,Madrid,1992-06-19,2019-02-01 11:29:30
android,2019-02-01 23:03:34,Barcelona,1985-09-28,2019-02-01 23:10:19
ios,2019-02-01 7:10:47,Valencia,1983-09-06,2019-03-02 6:57:57
ios,2019-02-01 14:52:23,Madrid,1992-11-22,2019-02-01 18:17:21
ios,2019-02-01 13:14:05,Madrid,1988-06-10,2019-02-01 13:16:25
web,2019-02-01 17:40:40,Barcelona,1989-07-21,2019-04-12 15:42:46
ios,2019-02-01 20:02:17,Barcelona,1991-12-18,2019-07-21 0:23:57
web,2019-02-01 20:16:27,Madrid,1992-07-15,2019-02-01 20:52:34
ios,2019-02-01 23:12:08,Barcelona,1992-12-22,2019-02-01 23:18:43
ios,2019-02-01 11:54:57,Valencia,1991-03-07,2019-02-01 14:59:30
android,2019-02-01 18:52:51,Barcelona,1991-01-07,2019-02-15 1:40:08
android,2019-02-01 13:09:30,Madrid,1994-08-31,2019-02-01 13:15:59
android,2019-02-01 12:48:08,Barcelona,1983-04-20,2019-08-16 13:13:01
android,2019-02-01 1:33:53,Barcelona,1998-01-05,
android,2019-02-05 9:53:27,Madrid,1997-01-18,2019-02-05 9:55:50
ios,2019-02-05 18:47:41,Madrid,1994-03-17,2019-02-05 18:50:05
android,2019-02-05 8:55:42,Madrid,1990-04-12,2019-02-06 12:57:30
android,2019-02-05 14:05:10,Valencia,1997-07-05,2019-08-30 21:19:15
android,2019-02-05 9:35:16,Madrid,1974-11-06,2019-05-12 18:19:04
android,2019-02-05 8:45:30,Madrid,1975-09-26,2019-02-05 8:48:12
ios,2019-02-05 10:59:13,Barcelona,1994-05-07,2019-02-05 11:00:05
android,2019-02-05 11:58:38,Madrid,1989-01-10,2019-02-05 12:19:08
android,2019-02-05 13:55:52,Madrid,1992-01-03,2019-02-05 14:01:52
android,2019-02-05 18:18:28,Madrid,1993-07-02,2019-02-05 19:39:45
ios,2019-02-05 20:38:52,Barcelona,1996-02-26,2019-02-05 20:51:42
android,2019-02-05 23:22:38,Madrid,1983-09-14,2019-02-06 10:29:27
ios,2019-02-05 0:46:44,Madrid,1998-10-18,2019-02-05 1:45:34
android,2019-02-05 20:17:00,Madrid,1988-10-16,2019-02-06 12:48:41
android,2019-02-05 0:06:41,Barcelona,1991-11-03,2019-02-05 0:11:33
ios,2019-02-05 8:18:30,Madrid,1998-12-13,2019-02-05 8:19:30
android,2019-02-05 11:05:15,Madrid,1964-12-24,
android,2019-02-05 17:14:56,Barcelona,1999-02-19,2019-02-05 17:24:37
ios,2019-02-05 8:11:23,Madrid,1995-10-31,2019-02-05 8:14:07
android,2019-02-05 15:30:46,Barcelona,1997-01-05,2019-02-05 15:33:02
web,2019-02-05 14:56:35,Madrid,1989-03-20,2019-02-05 15:03:48
ios,2019-02-05 11:33:49,Barcelona,1996-05-22,2019-02-05 11:37:17
android,2019-02-05 23:04:05,Madrid,1976-07-20,2019-02-05 23:06:24
android,2019-02-05 3:09:31,Barcelona,2000-02-26,2019-02-05 5:03:24
android,2019-02-05 19:44:19,Barcelona,2000-03-23,2019-02-05 22:22:25
android,2019-02-05 9:10:46,Madrid,1990-01-07,2019-02-05 9:35:21
ios,2019-02-05 19:25:39,Barcelona,1997-12-21,2019-02-17 22:39:27
android,2019-02-05 18:26:20,Barcelona,1991-11-04,2019-02-05 18:41:43
android,2019-02-05 9:58:34,Madrid,1993-03-11,2019-02-05 9:59:19
android,2019-02-05 20:19:46,Valencia,1984-03-04,2019-02-09 2:10:32
android,2019-02-05 7:31:00,Barcelona,1996-07-28,2019-04-01 4:23:47
android,2019-02-05 21:02:45,Madrid,1992-06-11,2019-02-05 21:05:00
ios,2019-02-05 15:17:50,Madrid,1991-03-06,2019-02-14 9:18:08
android,2019-02-05 23:03:07,Madrid,1982-07-03,2019-02-05 23:23:14
android,2019-02-05 21:50:23,Madrid,1993-06-07,2019-02-19 20:25:29
android,2019-02-05 22:09:19,Barcelona,1984-08-24,2019-02-05 22:17:58
ios,2019-02-05 18:56:55,Barcelona,1985-04-29,2019-02-05 18:58:42
android,2019-02-05 20:31:34,Barcelona,1973-11-28,2019-02-07 23:02:58
android,2019-02-05 11:08:01,Madrid,1994-01-04,2019-02-05 11:10:42
ios,2019-02-05 16:10:22,Barcelona,1980-10-23,2019-02-05 16:14:58
ios,2019-02-05 14:09:32,Madrid,1997-02-09,2019-02-05 14:13:11
android,2019-02-05 13:05:15,Barcelona,1989-11-20,2019-02-07 17:12:13
android,2019-02-05 20:43:33,Barcelona,1986-09-09,2019-02-07 13:19:53
android,2019-02-05 15:12:46,Barcelona,1994-06-09,2019-02-24 11:30:57
android,2019-02-05 14:17:19,Barcelona,1994-07-27,2019-02-05 14:33:34
android,2019-02-05 19:04:27,Barcelona,1986-08-26,2019-02-07 9:06:54
ios,2019-02-05 20:57:11,Madrid,1981-07-11,2019-02-05 21:02:41
android,2019-02-05 16:32:03,Madrid,1993-08-23,2019-02-05 16:35:50
android,2019-02-05 20:09:22,Barcelona,1989-04-28,2019-02-05 20:14:13
ios,2019-02-05 19:48:13,Madrid,1988-03-22,2019-02-05 20:11:46
ios,2019-02-05 19:36:59,Madrid,1977-07-05,2019-02-05 19:45:34
android,2019-02-05 15:48:29,Barcelona,1994-01-24,2019-02-06 12:23:28
ios,2019-02-05 21:15:46,Madrid,1978-10-15,2019-03-12 18:07:16
web,2019-02-05 18:56:48,Barcelona,1995-09-18,2019-02-08 19:21:14
android,2019-02-05 11:28:00,Madrid,1972-04-17,
android,2019-02-05 21:15:04,Madrid,1994-08-13,2019-04-21 8:11:13
ios,2019-02-05 12:26:51,Barcelona,1987-08-10,2019-02-05 12:33:53
ios,2019-02-05 22:21:43,Madrid,1992-03-13,2019-02-05 22:33:35
web,2019-01-30 13:21:37,Barcelona,1983-10-15,2019-01-30 13:32:29
android,2019-01-30 19:52:27,Madrid,1986-12-04,2019-01-30 19:53:30
ios,2019-01-30 8:48:10,Madrid,1999-06-26,2019-01-30 8:48:45
web,2019-01-30 11:09:38,Barcelona,1986-08-02,2019-01-30 11:36:10
android,2019-01-30 14:08:00,Madrid,1990-03-22,2019-01-30 14:08:33
ios,2019-01-30 16:33:20,Madrid,1998-06-19,2019-02-07 10:25:25
android,2019-01-30 20:05:21,Barcelona,1989-09-05,2019-01-30 20:06:20
ios,2019-01-30 13:14:54,Madrid,1994-12-28,2019-01-30 13:22:46
android,2019-01-30 14:44:20,Madrid,1992-11-26,2019-02-18 20:52:34
android,2019-01-30 18:05:37,Barcelona,1994-06-22,2019-01-30 22:01:07
ios,2019-01-30 15:12:38,Madrid,1990-12-04,2019-01-30 15:16:03
android,2019-01-30 17:10:21,Barcelona,1991-02-16,2019-01-31 22:53:49
android,2019-01-30 11:40:02,Barcelona,1996-05-20,2019-01-30 11:41:26
android,2019-01-30 10:30:05,Madrid,1985-02-10,2019-01-30 10:37:10
android,2019-01-30 11:03:37,Barcelona,1981-01-25,2019-01-30 11:06:26
ios,2019-01-30 10:09:38,Barcelona,1992-12-14,2019-01-30 10:13:43
web,2019-01-30 22:18:32,Barcelona,1994-01-10,2019-01-30 22:34:18
android,2019-01-30 22:02:26,Barcelona,1988-11-29,2019-01-30 22:07:56
android,2019-01-30 20:43:22,Valencia,1988-03-06,2019-01-30 21:10:07
ios,2019-01-30 16:32:55,Barcelona,1983-08-14,2019-01-30 16:34:33
ios,2019-01-30 16:19:40,Barcelona,1991-06-27,2019-02-11 23:21:41
ios,2019-01-30 20:28:34,Madrid,1996-09-17,2019-05-26 17:24:21
android,2019-01-30 22:01:37,Madrid,1993-10-15,2019-01-30 22:07:37
ios,2019-01-30 17:10:52,Madrid,1991-01-19,2019-01-31 10:28:43
ios,2019-01-30 13:13:05,Barcelona,1991-11-19,2019-01-30 13:22:33
android,2019-01-30 22:02:53,Madrid,1992-10-20,2019-01-30 22:05:22
ios,2019-01-30 17:01:47,Madrid,2000-03-31,2019-01-30 17:05:14
web,2019-01-30 20:42:06,Madrid,1997-04-10,2019-03-25 19:10:42
ios,2019-01-30 10:02:30,Barcelona,1993-11-27,2019-01-30 11:39:23
android,2019-01-30 10:42:17,Madrid,1992-07-09,2019-01-30 10:44:01
ios,2019-01-30 0:22:35,Madrid,1990-12-30,2019-01-30 14:48:49
android,2019-01-30 8:19:59,Barcelona,1987-04-24,2019-01-30 8:21:52
android,2019-01-30 14:28:14,Barcelona,1967-02-19,2019-03-14 18:36:15
ios,2019-01-30 13:21:48,Madrid,1994-11-25,2019-06-04 11:47:36
ios,2019-01-30 23:20:25,Barcelona,1965-03-28,2019-01-30 23:35:08
web,2019-01-30 17:31:33,Madrid,1995-01-26,2019-01-30 19:00:36
android,2019-01-30 11:05:33,Barcelona,1995-09-02,2019-01-31 17:26:04
android,2019-01-30 7:19:12,Madrid,2000-02-12,2019-01-30 10:54:30
android,2019-01-30 7:07:57,Barcelona,1994-05-17,2019-02-25 13:53:18
android,2019-01-30 12:29:48,Valencia,1985-07-26,2019-02-09 12:34:33
android,2019-01-30 14:04:37,Madrid,1989-12-04,2019-01-30 15:37:58
ios,2019-01-30 6:47:25,Barcelona,1987-02-03,2019-01-30 6:50:00
android,2019-01-30 16:48:18,Barcelona,1995-05-19,2019-05-07 11:18:35
web,2019-01-30 9:53:41,Valencia,1972-07-09,2019-01-30 10:19:47
ios,2019-01-30 19:12:56,Madrid,1999-09-05,2019-01-31 18:53:09
ios,2019-01-30 15:58:54,Madrid,1992-01-29,2019-02-01 0:20:56
android,2019-01-30 22:57:46,Barcelona,1999-02-01,2019-02-22 23:48:17
android,2019-01-27 9:26:22,Madrid,1991-01-21,2019-01-27 9:30:47
ios,2019-01-17 1:45:07,Madrid,1998-12-14,2019-01-17 1:47:02
android,2019-01-17 16:22:18,Madrid,1980-09-24,
android,2019-01-17 23:35:30,Barcelona,1974-09-30,2019-01-17 23:54:57
android,2019-01-27 22:29:14,Madrid,1989-08-23,2019-01-30 12:48:06
ios,2019-01-27 13:27:22,Barcelona,1993-06-02,2019-01-27 13:48:45
ios,2019-01-27 11:54:15,Madrid,1995-05-08,2019-01-27 11:58:50
web,2019-01-17 11:24:33,Barcelona,1983-01-01,2019-01-17 11:45:57
android,2019-01-27 18:21:07,Madrid,1989-07-24,2019-01-27 18:22:21
web,2019-01-27 14:15:52,Madrid,1998-01-29,
ios,2019-01-27 15:04:50,Madrid,1992-09-20,2019-04-16 13:08:01
ios,2019-01-17 14:14:47,Barcelona,1991-01-05,2019-02-07 15:05:05
ios,2019-01-27 19:37:16,Barcelona,1992-12-16,2019-01-27 19:41:40
android,2019-01-27 16:03:31,Barcelona,1990-05-12,
ios,2019-01-17 22:48:03,Madrid,1990-07-29,2019-01-17 22:50:49
android,2019-01-17 10:28:25,Madrid,1995-03-09,2019-01-17 10:35:47
ios,2019-01-27 16:01:45,Madrid,1997-11-26,2019-01-27 16:05:09
android,2019-01-17 22:44:32,Madrid,1993-02-05,2019-01-17 22:48:20
android,2019-01-27 22:14:21,Valencia,1985-12-25,2019-03-08 19:56:09
ios,2019-01-27 18:54:23,Barcelona,1989-05-09,2019-01-29 10:25:09
android,2019-01-27 9:30:38,Barcelona,1990-03-06,2019-01-27 9:37:20
ios,2019-01-27 18:47:37,Barcelona,1991-11-12,
ios,2019-01-17 18:54:11,Madrid,1984-07-09,2019-03-21 9:53:42
android,2019-01-17 19:16:40,Madrid,1992-11-05,2019-05-16 14:37:12
android,2019-01-27 21:40:40,Madrid,1979-02-06,2019-05-30 7:08:22
android,2019-01-17 8:46:56,Barcelona,1995-03-04,2019-01-17 8:51:18
android,2019-01-27 17:45:33,Barcelona,1981-08-18,2019-01-27 17:46:33
android,2019-01-27 15:10:37,Madrid,1998-09-27,2019-02-26 19:53:24
android,2019-01-27 0:10:17,Barcelona,1992-08-29,2019-01-27 0:11:14
ios,2019-01-17 17:47:29,Madrid,1989-09-29,2019-01-17 17:48:17
android,2019-01-27 16:31:00,Madrid,1980-08-25,2019-01-27 16:36:08
android,2019-01-27 22:31:47,Barcelona,1979-02-19,2019-01-27 22:37:25
android,2019-01-17 20:53:39,Madrid,1995-08-06,2019-01-17 21:03:03
ios,2019-01-17 19:32:59,Barcelona,1999-10-07,2019-01-17 19:35:39
ios,2019-01-27 15:24:03,Barcelona,1980-02-04,2019-06-05 17:39:29
android,2019-01-27 2:41:18,Valencia,1997-05-19,2019-01-27 2:59:50
android,2019-01-27 12:11:01,Madrid,1984-07-12,2019-02-24 10:00:01
android,2019-01-27 12:34:36,Valencia,1977-03-27,2019-03-07 15:32:37
android,2019-01-17 11:30:16,Madrid,1991-03-22,2019-01-17 11:32:08
ios,2019-01-17 9:39:25,Madrid,1999-01-19,2019-05-28 19:06:52
web,2019-01-17 11:24:59,Barcelona,1980-05-21,
ios,2019-01-17 22:23:07,Madrid,1997-05-30,2019-06-30 13:52:43
ios,2019-01-27 22:19:09,Madrid,2000-11-18,2019-01-28 8:51:12
ios,2019-01-17 12:08:18,Valencia,1989-11-02,2019-01-17 12:09:57
android,2019-01-27 20:50:07,Barcelona,1989-11-13,2019-01-27 22:20:52
ios,2019-01-27 10:21:50,Madrid,1990-02-16,2019-02-24 22:46:15
android,2019-01-27 8:48:36,Madrid,1993-04-25,2019-01-28 12:54:50
ios,2019-01-27 13:36:26,Barcelona,1993-12-31,2019-01-27 13:38:08
android,2019-01-27 21:42:20,Barcelona,1999-05-10,2019-04-19 2:07:00
android,2019-01-17 9:32:47,Madrid,1992-02-06,
web,2019-01-27 18:29:58,Madrid,1985-02-06,2019-01-27 18:33:22
ios,2019-01-17 0:40:10,Barcelona,1992-11-15,2019-01-18 19:02:20
android,2019-01-17 17:12:04,Madrid,1976-08-13,2019-01-17 17:16:47
android,2019-01-27 10:45:46,Barcelona,1993-09-09,2019-01-27 11:03:48
ios,2019-01-17 10:49:20,Barcelona,1991-05-21,2019-01-17 21:00:06
ios,2019-01-27 22:27:55,Barcelona,1997-05-16,2019-01-27 22:51:40
web,2019-01-27 0:12:25,Madrid,1994-08-15,2019-01-27 0:41:35
web,2019-01-17 13:32:39,Barcelona,1996-01-16,2019-01-17 13:45:58
android,2019-01-17 12:01:45,Madrid,1990-06-30,2019-01-17 12:02:09
ios,2019-01-27 8:58:24,Madrid,1990-08-24,2019-01-27 8:59:24
android,2019-01-27 20:17:49,Madrid,1993-01-27,2019-02-02 13:50:44
ios,2019-01-27 22:46:25,Barcelona,1991-11-16,2019-01-27 22:48:57
ios,2019-01-17 19:15:40,Madrid,1982-09-07,2019-01-17 19:17:20
ios,2019-01-27 18:00:16,Madrid,1998-01-15,2019-03-05 16:15:28
ios,2019-01-17 19:32:54,Barcelona,1993-10-12,
android,2019-01-27 21:23:02,Barcelona,1971-08-03,
web,2019-01-17 7:31:58,Barcelona,1977-04-14,2019-01-17 7:32:59
ios,2019-01-17 12:10:24,Barcelona,1999-02-23,2019-02-18 22:15:14
android,2019-01-17 10:03:04,Barcelona,1991-09-23,2019-01-17 16:08:21
android,2019-01-17 16:44:24,Barcelona,1976-07-03,2019-02-12 15:03:46
android,2019-01-27 10:29:37,Madrid,1985-02-09,2019-01-27 14:48:29
web,2019-01-17 14:14:59,Barcelona,1989-11-09,2019-01-17 18:08:01
web,2019-01-27 14:07:56,Madrid,1992-05-06,2019-01-29 19:35:57
android,2019-01-27 18:42:15,Valencia,1995-01-07,2019-01-27 19:00:22
android,2019-01-27 13:39:21,Barcelona,1996-07-11,2019-01-27 13:42:45
android,2019-01-17 9:07:06,Barcelona,1988-08-08,2019-01-17 9:08:20
android,2019-01-17 12:13:56,Madrid,1979-11-05,2019-01-17 12:17:15
web,2019-01-15 5:03:53,Madrid,1995-09-25,2019-01-15 5:09:22
ios,2019-01-15 23:21:53,Barcelona,1987-02-12,2019-03-13 20:48:32
ios,2019-01-15 0:35:48,Barcelona,1994-01-03,2019-01-15 0:38:31
ios,2019-01-15 16:20:16,Madrid,1991-02-20,2019-01-15 16:21:11
android,2019-01-15 22:12:54,Madrid,1991-05-29,2019-01-15 22:17:00
ios,2019-01-15 16:42:36,Madrid,1999-11-25,2019-01-15 20:26:10
ios,2019-01-15 0:15:12,Madrid,1983-07-26,2019-02-16 0:42:55
android,2019-01-15 22:23:07,Madrid,1993-02-23,2019-01-15 22:32:42
android,2019-01-15 21:55:10,Madrid,1992-12-04,
ios,2019-01-15 23:02:27,Madrid,1995-03-14,2019-01-17 17:06:01
ios,2019-01-15 7:08:49,Barcelona,1994-02-21,2019-01-21 7:56:26
android,2019-01-15 17:19:14,Madrid,1968-07-11,2019-01-15 19:38:35
android,2019-01-15 22:59:05,Madrid,2000-05-30,
android,2019-01-15 14:32:59,Madrid,1987-08-17,2019-01-18 12:08:13
ios,2019-01-15 15:20:07,Barcelona,2000-05-04,2019-01-28 23:40:41
android,2019-01-15 23:31:30,Madrid,1979-03-03,2019-01-15 23:36:35
android,2019-01-15 18:44:55,Barcelona,1995-03-07,2019-01-16 15:26:33
android,2019-01-15 20:04:56,Madrid,1987-09-29,2019-01-15 20:13:20
ios,2019-01-15 18:24:07,Madrid,1995-11-23,2019-01-15 18:46:48
ios,2019-01-15 13:18:32,Barcelona,1990-01-27,
ios,2019-01-15 16:44:16,Madrid,1983-08-26,2019-01-15 16:46:26
ios,2019-01-15 14:37:55,Madrid,1992-03-04,2019-01-15 14:39:39
android,2019-01-15 14:37:04,Madrid,1997-03-07,2019-01-15 14:40:35
web,2019-01-15 19:30:53,Barcelona,1993-09-24,2019-01-15 19:38:10
android,2019-01-15 22:48:35,Madrid,1989-04-26,2019-01-15 22:51:52
ios,2019-01-15 14:44:27,Barcelona,1986-08-29,2019-01-21 20:41:04
android,2019-01-15 18:38:33,Madrid,1990-06-26,2019-01-15 18:43:58
ios,2019-01-15 20:01:38,Madrid,1994-09-09,2019-01-16 10:38:02
ios,2019-01-15 18:08:47,Madrid,1996-05-09,2019-01-15 18:12:13
ios,2019-01-15 12:24:31,Madrid,1994-12-14,2019-01-15 12:32:39
ios,2019-01-15 19:58:43,Barcelona,1985-03-20,2019-03-01 9:52:31
android,2019-01-15 7:27:31,Madrid,1982-02-01,2019-01-15 7:28:15
android,2019-01-15 3:59:23,Madrid,1995-05-03,2019-01-15 4:04:39
android,2019-01-15 0:41:45,Madrid,1988-10-31,2019-01-15 0:53:26
web,2019-01-15 17:37:40,Barcelona,1991-11-08,2019-01-15 18:02:53
web,2019-01-15 9:47:46,Madrid,1995-10-10,2019-01-15 9:52:01
ios,2019-01-15 10:46:40,Madrid,1997-11-22,2019-01-15 10:50:30
web,2019-01-15 11:56:37,Madrid,1993-09-11,2019-01-15 11:56:58
ios,2019-01-15 10:08:13,Madrid,1993-09-01,2019-04-03 10:19:51
android,2019-01-15 15:05:09,Madrid,1992-12-19,2019-01-15 15:15:11
ios,2019-01-15 17:59:32,Barcelona,1996-09-06,2019-01-15 18:23:26
ios,2019-01-15 21:06:31,Madrid,1987-01-29,2019-01-15 21:10:52
ios,2019-01-15 15:50:42,Barcelona,1988-05-03,2019-01-16 13:51:59
android,2019-01-15 15:11:24,Madrid,1990-01-29,2019-01-15 15:13:42
ios,2019-01-15 22:22:30,Barcelona,1994-04-15,2019-01-15 22:30:45
android,2019-01-15 11:13:35,Barcelona,1991-09-24,2019-01-18 15:18:54
web,2019-01-15 15:14:45,Barcelona,1997-04-30,2019-01-15 16:03:45
android,2019-01-15 1:08:57,Barcelona,1991-01-21,2019-01-15 1:10:19
android,2019-01-15 13:24:11,Barcelona,1986-01-19,2019-01-15 13:55:21
android,2019-01-15 7:26:26,Barcelona,1991-02-04,2019-01-15 7:31:33
web,2019-01-15 15:24:50,Madrid,1989-02-07,2019-01-16 11:03:32
android,2019-01-15 8:02:02,Barcelona,1997-12-24,2019-01-15 8:17:24
web,2019-01-15 13:36:33,Barcelona,1996-02-15,2019-01-15 14:28:14
android,2019-01-15 9:34:51,Barcelona,1991-03-15,2019-01-15 9:56:06
android,2019-01-15 10:08:01,Madrid,1978-08-04,2019-01-15 10:28:26
android,2019-01-15 10:53:20,Madrid,1994-06-03,2019-01-15 11:09:36
ios,2019-01-15 22:58:08,Madrid,1991-05-15,2019-01-15 22:59:54
ios,2019-01-15 18:48:52,Valencia,1993-12-06,2019-01-15 19:03:35
web,2019-01-15 15:21:00,Madrid,1968-08-10,2019-01-15 15:35:56
ios,2019-01-15 21:08:39,Barcelona,1997-05-12,2019-01-15 21:11:07
android,2019-01-15 20:54:31,Barcelona,1985-05-05,2019-01-22 16:48:13
ios,2019-01-15 18:18:04,Barcelona,1996-08-08,2019-03-04 9:46:02
ios,2019-01-15 8:45:08,Madrid,1991-04-26,2019-01-15 20:19:28
android,2019-01-15 22:14:27,Madrid,1998-04-23,2019-01-15 22:21:30
web,2019-01-15 17:46:43,Madrid,1977-06-20,2019-01-15 19:48:51
ios,2019-01-23 4:41:21,Barcelona,1985-09-08,
android,2019-01-23 16:02:43,Valencia,1982-09-25,2019-01-23 16:26:09
android,2019-01-23 13:59:58,Madrid,1978-01-04,2019-01-23 14:01:43
android,2019-01-23 21:47:48,Madrid,1987-08-08,2019-02-14 21:58:28
ios,2019-01-23 16:24:40,Madrid,1997-08-20,2019-01-23 16:42:33
ios,2019-01-23 17:09:57,Barcelona,1997-10-05,2019-01-23 18:25:05
ios,2019-01-23 11:44:09,Barcelona,1993-08-05,2019-01-23 13:37:11
android,2019-01-23 10:18:04,Madrid,1992-09-26,
android,2019-01-23 11:32:41,Madrid,1985-11-04,2019-04-05 12:43:14
android,2019-01-23 14:16:46,Barcelona,1998-11-29,2019-01-23 14:20:55
ios,2019-01-23 16:27:58,Madrid,1989-02-12,
android,2019-01-23 19:27:22,Barcelona,1994-07-24,
android,2019-01-23 13:15:06,Barcelona,1984-02-24,2019-01-23 13:16:47
android,2019-01-23 23:48:45,Madrid,1993-10-03,2019-01-24 0:11:12
android,2019-01-23 19:07:45,Madrid,1992-10-11,2019-01-23 19:18:32
ios,2019-01-23 19:37:39,Barcelona,1981-07-26,2019-01-23 20:42:46
android,2019-01-23 17:16:48,Madrid,1979-10-02,2019-01-29 16:34:00
android,2019-01-23 10:57:34,Madrid,1996-11-20,2019-02-19 0:02:00
ios,2019-01-23 13:47:47,Barcelona,1990-11-21,2019-02-06 12:49:20
android,2019-01-23 22:05:11,Madrid,1989-04-07,2019-01-28 8:53:42
ios,2019-01-23 21:04:38,Barcelona,1996-03-02,2019-01-23 21:06:12
web,2019-01-23 19:46:58,Madrid,1993-12-27,2019-01-23 20:05:33
ios,2019-01-23 17:13:45,Barcelona,1989-05-12,2019-01-23 17:34:38
android,2019-01-23 0:55:55,Barcelona,1996-02-23,2019-01-23 1:32:34
ios,2019-01-23 12:04:37,Barcelona,1992-04-26,2019-01-23 13:13:23
android,2019-01-23 15:28:29,Madrid,1990-05-15,2019-01-23 15:35:28
android,2019-01-23 22:04:34,Barcelona,1994-09-08,2019-01-23 22:05:51
ios,2019-01-23 11:25:29,Barcelona,1991-02-12,2019-01-23 11:29:03
android,2019-01-23 10:29:30,Madrid,1993-04-12,2019-01-23 10:38:12
ios,2019-01-23 20:00:57,Madrid,1996-11-13,2019-04-16 21:32:42
android,2019-01-23 20:36:29,Barcelona,2000-01-07,2019-01-23 20:37:31
android,2019-01-23 17:43:21,Madrid,1990-12-16,2019-05-18 14:18:43
android,2019-01-23 15:44:34,Barcelona,1957-10-06,
ios,2019-01-23 20:43:39,Barcelona,1980-10-17,2019-01-23 21:39:12
ios,2019-01-23 10:00:50,Barcelona,1985-11-25,2019-01-23 10:03:14
android,2019-01-23 11:40:43,Valencia,1984-08-29,2019-01-23 12:25:03
ios,2019-01-23 21:32:10,Barcelona,1992-05-30,2019-01-23 22:06:09
ios,2019-01-23 14:42:29,Barcelona,1994-10-09,2019-01-23 14:48:14
web,2019-01-23 16:32:38,Valencia,2000-05-01,
android,2019-01-23 20:08:21,Madrid,1970-05-06,2019-01-26 17:37:43
web,2019-01-23 11:45:52,Madrid,1992-06-22,2019-01-23 11:46:47
android,2019-01-23 14:21:36,Madrid,1969-02-21,2019-01-23 14:29:13
android,2019-01-23 9:32:19,Madrid,1988-03-19,2019-01-23 9:49:15
android,2019-01-19 14:11:18,Barcelona,1994-01-17,2019-01-19 14:16:14
web,2019-01-19 15:36:02,Barcelona,1995-03-16,2019-01-19 22:39:22
web,2019-01-19 17:34:30,Madrid,1988-12-26,2019-01-19 17:41:48
ios,2019-01-19 16:08:08,Madrid,1997-11-05,2019-01-19 16:10:11
android,2019-01-19 13:14:01,Barcelona,1996-05-15,
android,2019-01-19 22:51:16,Barcelona,1996-10-08,2019-01-22 22:22:12
web,2019-01-19 6:00:58,Madrid,1981-12-01,
android,2019-01-19 17:31:51,Madrid,1992-02-08,2019-01-19 17:35:05
web,2019-01-19 16:59:14,Madrid,1988-12-26,
android,2019-01-19 21:34:14,Barcelona,1992-03-30,2019-01-19 21:34:36
android,2019-01-19 18:34:04,Barcelona,1980-02-08,2019-02-13 15:44:14
android,2019-01-19 11:45:35,Barcelona,1996-06-29,2019-01-19 12:00:26
android,2019-01-19 16:00:52,Madrid,1996-07-12,2019-01-21 13:53:02
ios,2019-01-19 7:19:12,Barcelona,1980-11-14,2019-01-19 7:26:06
android,2019-01-19 6:39:08,Madrid,1993-02-16,2019-01-19 6:46:07
android,2019-01-19 16:33:09,Madrid,1975-02-27,2019-01-19 16:35:43
android,2019-01-19 17:30:29,Madrid,1991-04-11,2019-01-19 17:41:15
ios,2019-01-19 0:11:01,Barcelona,1993-08-09,2019-01-19 11:51:04
android,2019-01-19 21:21:18,Madrid,1983-07-31,2019-07-13 5:55:01
android,2019-01-19 10:18:01,Madrid,1994-09-22,2019-01-30 15:44:59
android,2019-01-19 20:11:04,Barcelona,1990-06-02,2019-01-19 20:15:20
android,2019-01-19 19:32:39,Madrid,1999-07-28,2019-01-19 19:36:57
android,2019-01-19 20:15:45,Madrid,1993-01-05,2019-01-19 20:18:42
android,2019-01-19 22:46:36,Barcelona,1987-01-11,2019-01-19 22:49:02
android,2019-01-19 20:08:53,Barcelona,1988-05-05,2019-01-19 20:09:20
ios,2019-01-19 23:31:15,Barcelona,1999-07-17,
android,2019-01-19 1:16:22,Barcelona,1974-04-12,2019-01-31 13:23:00
ios,2019-01-19 13:29:35,Barcelona,1995-03-07,
ios,2019-01-19 11:43:37,Barcelona,1994-12-06,2019-01-19 17:57:04
android,2019-01-19 0:04:24,Barcelona,1973-02-05,2019-06-15 4:22:21
android,2019-01-19 23:03:56,Madrid,1997-07-21,2019-01-19 23:06:05
android,2019-01-19 16:27:46,Barcelona,1991-08-09,2019-01-19 16:42:24
ios,2019-01-19 21:02:23,Barcelona,1986-06-28,2019-01-19 21:22:17
ios,2019-01-19 7:31:33,Barcelona,1993-09-10,2019-01-19 7:36:23
android,2019-01-19 16:33:27,Barcelona,1995-02-16,2019-01-19 16:35:17
android,2019-01-19 8:13:12,Valencia,2001-02-01,2019-01-19 14:18:14
android,2019-01-19 17:42:31,Madrid,1979-12-31,2019-01-19 18:07:36
web,2019-02-03 9:55:39,Barcelona,1983-01-01,2019-02-03 10:00:24
ios,2019-02-03 12:24:10,Barcelona,1998-09-08,2019-02-03 20:46:32
android,2019-02-03 20:59:52,Barcelona,1996-01-04,2019-02-03 21:56:26
ios,2019-02-03 17:39:05,Barcelona,1991-04-09,2019-05-03 7:21:25
android,2019-02-03 12:09:31,Madrid,2000-01-21,2019-02-24 20:04:53
android,2019-02-03 10:39:33,Barcelona,1993-03-31,2019-02-03 10:43:06
android,2019-02-03 12:09:52,Madrid,1991-02-17,2019-02-03 12:14:41
android,2019-02-03 10:27:18,Barcelona,1986-11-24,2019-02-06 14:27:12
ios,2019-02-03 14:39:55,Barcelona,1991-08-24,2019-02-03 14:44:08
android,2019-02-03 9:00:40,Madrid,1987-12-18,2019-02-03 9:02:51
ios,2019-02-03 20:17:25,Barcelona,1984-05-16,2019-03-16 11:25:52
ios,2019-02-03 22:12:41,Madrid,1990-11-03,2019-04-23 15:33:11
android,2019-02-03 20:38:16,Barcelona,1995-06-24,2019-02-10 13:34:08
ios,2019-02-03 20:17:32,Madrid,1991-09-30,2019-02-03 20:17:59
ios,2019-02-03 22:44:58,Barcelona,1982-09-28,2019-02-19 18:45:22
ios,2019-02-03 20:17:54,Valencia,1990-05-02,2019-03-08 10:04:32
android,2019-02-03 13:08:06,Barcelona,1992-03-10,2019-02-06 12:57:05
ios,2019-02-03 8:29:25,Barcelona,1952-07-10,2019-02-14 9:13:17
android,2019-02-03 9:25:14,Barcelona,1990-10-08,2019-02-03 12:05:28
web,2019-02-03 18:38:47,Valencia,1990-06-01,2019-08-09 21:31:33
ios,2019-02-03 7:43:25,Valencia,1987-07-01,2019-02-03 7:58:18
ios,2019-02-03 18:40:13,Madrid,1992-08-30,2019-02-03 18:45:09
android,2019-02-03 20:47:21,Madrid,1995-10-10,2019-02-03 20:53:43
ios,2019-02-03 10:23:19,Barcelona,1993-02-12,2019-02-03 10:23:55
web,2019-02-03 8:35:24,Madrid,1996-11-29,2019-02-03 8:39:31
ios,2019-02-03 10:40:45,Barcelona,1991-12-02,2019-02-06 11:19:18
android,2019-02-03 14:53:49,Barcelona,1999-11-26,2019-02-03 14:54:43
ios,2019-02-07 10:34:13,Barcelona,1995-10-27,2019-02-07 10:34:25
web,2019-01-14 13:13:23,Barcelona,1987-08-31,2019-01-14 13:14:00
android,2019-01-14 12:18:17,Valencia,1971-01-22,2019-01-14 12:21:01
web,2019-01-14 18:23:07,Barcelona,1995-01-31,
ios,2019-01-14 12:28:21,Barcelona,1985-11-13,2019-03-07 22:36:26
android,2019-01-14 15:46:00,Barcelona,1982-07-01,2019-01-14 15:47:03
ios,2019-01-14 14:17:26,Madrid,1995-12-30,2019-01-14 14:18:32
web,2019-01-14 14:36:12,Madrid,1995-01-01,
ios,2019-01-14 12:09:44,Madrid,1995-04-07,2019-01-14 12:12:39
android,2019-01-14 3:08:35,Barcelona,1985-09-27,2019-01-14 19:22:25
android,2019-01-14 22:41:11,Madrid,1984-08-24,2019-01-18 0:23:08
android,2019-01-14 3:11:37,Madrid,1995-10-13,2019-06-13 18:07:19
android,2019-01-14 21:50:15,Barcelona,1991-09-12,2019-04-07 23:02:17
ios,2019-01-14 22:29:30,Barcelona,1992-04-30,2019-01-26 10:21:23
ios,2019-01-14 17:49:12,Madrid,1996-03-24,2019-08-06 12:05:42
ios,2019-01-14 10:56:11,Madrid,1993-03-11,2019-01-14 10:58:39
android,2019-01-14 13:08:55,Barcelona,1991-05-07,2019-04-07 9:04:11
ios,2019-01-14 19:55:06,Madrid,1976-04-01,2019-01-14 19:56:59
ios,2019-01-14 15:46:11,Madrid,1997-05-01,2019-01-14 15:57:29
ios,2019-01-14 22:22:24,Madrid,1996-04-09,2019-01-15 20:33:26
android,2019-01-14 21:37:20,Barcelona,1974-02-18,2019-01-14 21:41:40
android,2019-01-14 12:23:50,Barcelona,1991-08-22,2019-02-19 15:40:32
android,2019-01-14 17:01:45,Valencia,1994-05-03,2019-01-14 17:06:08
android,2019-01-14 10:37:43,Madrid,1996-05-18,2019-01-14 10:40:21
android,2019-01-14 17:47:18,Madrid,1997-12-20,2019-01-14 18:06:03
android,2019-01-14 10:08:49,Barcelona,1977-03-09,2019-04-26 20:37:31
web,2019-01-14 19:16:16,Madrid,1992-12-16,2019-01-14 19:17:10
android,2019-01-14 19:45:55,Madrid,1992-05-25,2019-07-15 14:40:47
android,2019-01-14 20:55:58,Barcelona,1998-01-26,2019-01-14 21:02:25
ios,2019-01-14 22:29:05,Barcelona,1995-11-06,2019-01-14 22:40:14
android,2019-01-14 14:51:56,Valencia,1994-12-31,
android,2019-01-14 14:28:23,Madrid,1996-06-30,2019-01-14 14:29:39
web,2019-01-14 7:56:57,Madrid,1988-01-01,
android,2019-01-14 11:27:54,Barcelona,1977-04-27,2019-01-14 11:29:27
android,2019-01-14 23:45:39,Madrid,1992-03-16,2019-01-14 23:46:48
ios,2019-01-14 19:27:20,Madrid,1989-11-10,2019-01-14 19:46:36
android,2019-01-14 19:15:56,Madrid,1998-10-18,2019-01-14 19:21:21
android,2019-02-07 8:12:27,Madrid,1977-02-02,2019-02-07 8:13:14
android,2019-02-07 17:54:59,Valencia,1971-08-31,2019-02-07 17:55:47
ios,2019-02-07 19:47:59,Madrid,1992-10-15,2019-02-07 19:48:20
android,2019-02-07 6:20:16,Barcelona,1979-09-19,2019-02-07 6:20:35
android,2019-02-07 18:04:06,Madrid,1993-10-22,2019-02-07 18:04:22
ios,2019-02-07 8:56:58,Barcelona,1992-12-17,2019-02-07 8:57:09
android,2019-02-07 8:43:07,Madrid,1977-05-19,2019-02-07 13:29:30
android,2019-02-07 18:57:22,Barcelona,1984-10-24,2019-02-07 18:58:49
android,2019-02-07 9:58:07,Barcelona,1985-05-18,2019-02-07 9:58:35
ios,2019-02-07 23:36:03,Madrid,1999-12-01,2019-02-07 23:36:27
android,2019-02-07 23:57:52,Madrid,1988-08-26,2019-02-07 23:58:23
android,2019-02-07 20:41:55,Barcelona,1988-09-20,2019-02-07 20:42:13
web,2019-02-07 17:23:54,Barcelona,1985-03-29,2019-02-07 17:24:17
web,2019-02-07 21:36:34,Barcelona,1996-11-09,2019-02-07 21:36:44
android,2019-02-07 8:57:36,Madrid,2001-02-27,2019-02-07 8:58:07
android,2019-02-07 22:12:02,Madrid,1997-03-06,2019-02-07 22:22:54
android,2019-02-07 19:26:20,Barcelona,1983-07-28,2019-02-07 19:26:51
android,2019-02-07 8:52:02,Madrid,1994-04-06,2019-02-07 8:52:19
ios,2019-02-07 12:32:25,Madrid,1990-02-28,2019-02-07 12:32:46
android,2019-02-07 1:23:55,Madrid,1988-07-09,2019-02-07 1:24:17
ios,2019-02-07 23:48:30,Barcelona,1996-10-21,2019-02-07 23:49:44
ios,2019-02-07 18:07:08,Madrid,1993-05-30,2019-02-07 18:07:31
android,2019-02-07 16:41:29,Barcelona,1988-07-01,2019-02-07 16:41:46
android,2019-02-07 16:13:16,Madrid,1977-08-12,2019-02-07 16:13:41
android,2019-02-07 20:18:07,Barcelona,1990-12-30,2019-02-07 20:33:30
android,2019-02-07 11:45:44,Madrid,1992-08-18,2019-02-07 11:46:13
ios,2019-02-07 11:10:22,Barcelona,1980-08-04,2019-02-07 11:11:40
web,2019-02-07 16:22:27,Barcelona,1995-03-17,2019-02-07 16:22:35
ios,2019-02-07 12:48:47,Madrid,1990-09-30,2019-02-07 12:49:07
android,2019-02-07 22:25:42,Barcelona,1979-03-04,2019-02-07 22:26:12
android,2019-02-07 5:41:19,Madrid,1992-09-20,2019-02-07 5:47:29
web,2019-02-07 13:38:52,Madrid,1982-09-01,2019-02-07 13:39:10
android,2019-02-07 16:35:06,Madrid,1989-02-27,2019-02-07 16:35:23
android,2019-02-07 15:59:02,Madrid,1996-04-23,2019-02-07 16:03:22
android,2019-02-07 21:47:13,Barcelona,1996-05-07,2019-02-07 21:47:43
ios,2019-02-07 21:48:17,Madrid,2000-02-21,2019-02-07 21:48:31
web,2019-02-07 15:09:52,Madrid,1988-07-10,2019-02-07 15:17:12
ios,2019-02-07 23:57:28,Madrid,1986-03-17,2019-02-08 0:52:26
android,2019-02-07 6:30:58,Barcelona,1999-10-25,2019-02-07 6:31:27
android,2019-02-07 15:36:38,Madrid,1977-03-12,2019-02-07 15:38:47
android,2019-02-07 12:24:17,Madrid,1984-05-03,2019-02-07 12:25:13
ios,2019-02-07 11:13:39,Valencia,1993-07-27,2019-02-07 11:21:13
android,2019-02-07 20:52:30,Madrid,1987-11-09,2019-02-07 20:52:49
android,2019-02-07 14:59:50,Barcelona,1990-09-20,2019-02-07 23:34:12
ios,2019-02-07 9:25:21,Barcelona,1997-04-29,2019-02-07 9:25:37
ios,2019-02-07 9:46:09,Barcelona,1995-11-24,2019-02-07 9:46:28
android,2019-02-07 0:33:59,Barcelona,1969-09-01,2019-02-07 0:34:45
android,2019-02-07 13:23:18,Barcelona,1985-01-02,2019-02-07 13:23:43
ios,2019-02-07 1:12:29,Barcelona,1982-01-19,2019-02-07 1:13:48
android,2019-02-07 13:00:44,Madrid,1989-11-04,2019-02-07 13:01:03
android,2019-02-07 10:19:07,Barcelona,1995-03-01,2019-02-07 10:19:20
android,2019-02-07 18:53:26,Barcelona,1998-01-22,2019-02-07 19:04:10
android,2019-02-07 15:26:06,Valencia,1996-05-03,2019-02-07 15:26:22
android,2019-02-07 22:59:29,Barcelona,1987-08-12,2019-02-07 22:59:54
android,2019-02-07 14:17:14,Barcelona,1985-10-04,2019-02-07 14:18:59
android,2019-02-07 20:05:13,Madrid,1985-09-18,2019-02-07 20:05:30
android,2019-02-04 18:49:25,Madrid,1982-04-17,2019-02-04 21:33:34
android,2019-02-04 20:51:32,Barcelona,1973-04-15,2019-03-27 19:53:13
android,2019-02-04 17:16:05,Barcelona,1994-07-05,2019-02-04 22:46:50
ios,2019-02-04 20:54:44,Madrid,1983-06-27,2019-02-04 20:57:30
android,2019-02-04 14:16:38,Barcelona,1998-02-12,2019-02-04 14:25:22
ios,2019-02-04 1:27:38,Madrid,1994-03-27,
android,2019-02-04 12:42:06,Madrid,1999-02-25,2019-02-04 12:42:22
ios,2019-02-04 21:19:23,Madrid,1990-04-27,2019-02-06 18:19:59
ios,2019-02-04 18:28:40,Madrid,1991-07-31,2019-06-20 16:56:00
ios,2019-02-04 11:00:55,Valencia,1992-06-20,2019-02-04 13:20:35
ios,2019-02-04 20:24:33,Valencia,1999-04-21,
ios,2019-02-04 17:23:48,Barcelona,1992-09-03,2019-02-06 14:01:10
web,2019-02-04 13:27:44,Valencia,1988-01-14,
ios,2019-02-04 21:28:50,Madrid,1991-07-18,2019-02-04 21:30:20
android,2019-02-04 13:36:13,Madrid,1996-11-21,2019-02-04 13:37:06
android,2019-02-04 7:08:26,Barcelona,1994-06-18,2019-02-06 20:33:49
ios,2019-02-04 23:22:54,Madrid,1996-04-11,2019-02-04 23:45:17
ios,2019-02-04 21:07:25,Barcelona,1991-10-06,2019-03-31 15:43:35
ios,2019-02-04 19:44:52,Barcelona,1994-05-18,2019-02-04 19:50:20
ios,2019-02-04 1:23:04,Madrid,1992-06-04,2019-02-04 1:39:07
android,2019-02-02 19:32:37,Madrid,1993-07-31,2019-04-22 8:36:07
web,2019-02-04 14:30:32,Madrid,1965-06-05,2019-02-04 14:34:04
android,2019-02-04 16:36:26,Barcelona,1994-08-31,2019-06-20 22:36:18
android,2019-02-04 13:10:39,Barcelona,1994-01-26,2019-02-04 13:13:45
android,2019-02-04 16:24:23,Madrid,1997-09-11,2019-02-04 16:25:18
android,2019-02-04 19:07:51,Barcelona,1991-04-06,2019-02-04 19:28:50
ios,2019-02-04 9:27:50,Madrid,1997-06-26,2019-02-05 17:17:12
android,2019-02-04 13:06:15,Madrid,1991-09-06,
android,2019-02-04 20:02:51,Barcelona,1973-04-22,2019-02-17 21:49:56
web,2019-02-04 17:05:57,Barcelona,1977-06-08,2019-05-19 13:55:48
ios,2019-02-04 16:35:30,Madrid,1998-04-04,2019-07-24 10:04:34
web,2019-02-04 16:42:30,Barcelona,1997-03-16,2019-02-04 16:42:58
android,2019-02-04 19:02:34,Barcelona,1993-12-09,2019-02-06 18:26:35
android,2019-02-04 12:15:30,Madrid,1993-01-15,
android,2019-02-04 14:25:00,Barcelona,1986-10-18,2019-03-19 9:09:08
android,2019-02-04 21:18:17,Madrid,1976-10-15,2019-02-06 19:32:58
android,2019-02-04 13:00:17,Madrid,1978-09-30,2019-02-04 13:09:21
ios,2019-02-04 11:24:47,Madrid,1982-01-21,2019-02-04 11:27:43
android,2019-02-04 10:07:45,Barcelona,1985-02-24,2019-02-04 10:09:03
web,2019-02-04 13:29:23,Barcelona,1993-12-23,2019-02-04 13:36:01
ios,2019-02-04 12:36:19,Madrid,1996-03-27,2019-02-04 12:40:33
android,2019-02-04 15:16:39,Madrid,1989-05-03,2019-04-20 9:44:50
web,2019-02-04 19:23:57,Barcelona,1990-10-10,
android,2019-02-06 7:24:58,Barcelona,1971-04-10,2019-02-06 7:29:34
android,2019-02-08 0:38:11,Barcelona,1992-07-11,2019-03-18 3:46:02
android,2019-02-06 13:53:06,Madrid,1996-02-26,2019-02-06 13:53:38
web,2019-02-06 22:49:57,Madrid,1995-01-01,2019-02-06 22:50:35
android,2019-01-16 21:43:48,Madrid,1996-05-31,2019-02-22 22:30:05
android,2019-02-06 19:33:27,Barcelona,1996-02-19,2019-02-06 19:33:38
android,2019-02-06 23:22:40,Madrid,2001-02-15,2019-02-06 23:23:02
android,2019-02-06 21:30:40,Madrid,1997-04-19,2019-02-06 23:07:30
ios,2019-02-06 20:59:04,Barcelona,1994-12-02,2019-02-06 20:59:28
web,2019-02-06 17:36:10,Barcelona,1986-02-05,2019-02-06 17:36:25
ios,2019-02-06 11:45:22,Barcelona,1993-02-26,2019-02-06 11:45:45
android,2019-02-06 21:18:56,Madrid,1998-08-14,2019-02-06 21:19:23
ios,2019-02-06 21:54:50,Barcelona,1996-06-14,2019-02-06 21:55:20
ios,2019-02-06 14:29:50,Madrid,2001-02-13,2019-02-06 14:30:14
ios,2019-02-06 22:44:02,Barcelona,1991-09-12,2019-03-06 21:42:02
android,2019-02-06 19:26:15,Madrid,1988-07-20,2019-02-06 19:27:23
android,2019-02-06 19:51:53,Barcelona,1994-07-20,2019-02-09 14:48:15
android,2019-02-06 23:38:09,Madrid,1996-12-16,2019-02-06 23:38:34
android,2019-02-06 11:27:08,Madrid,1995-03-17,2019-02-06 11:28:34
ios,2019-02-06 20:27:28,Barcelona,1993-01-01,2019-02-06 20:27:38
web,2019-02-06 18:17:16,Madrid,1983-06-06,2019-02-06 18:17:34
ios,2019-02-06 19:42:39,Barcelona,1979-05-10,2019-02-06 19:43:03
web,2019-02-06 18:36:51,Madrid,1995-12-16,2019-02-06 18:38:21
android,2019-02-06 20:29:51,Valencia,1983-08-29,2019-02-06 20:31:29
android,2019-02-06 15:42:06,Madrid,1991-06-25,2019-02-06 15:42:26
android,2019-02-06 1:23:43,Madrid,1995-02-07,2019-02-06 1:25:15
web,2019-02-06 12:32:51,Barcelona,1985-06-07,2019-02-06 12:37:58
web,2019-02-06 14:57:33,Madrid,1986-07-31,2019-02-06 14:57:51
ios,2019-02-06 17:18:35,Barcelona,2001-01-09,2019-02-06 17:19:01
ios,2019-02-06 1:07:58,Madrid,1998-09-03,2019-02-06 1:09:31
web,2019-02-06 17:30:52,Madrid,1995-12-16,2019-02-06 17:31:35
ios,2019-02-06 14:15:39,Barcelona,1989-09-02,2019-02-06 14:16:05
android,2019-02-06 20:43:52,Madrid,1998-01-19,2019-02-06 20:44:11
web,2019-02-06 20:20:02,Madrid,1975-11-18,2019-02-06 20:40:11
ios,2019-02-06 15:49:01,Madrid,1998-02-05,2019-02-06 15:49:21
ios,2019-02-06 10:55:58,Madrid,1977-10-20,2019-02-06 10:57:22
web,2019-02-06 10:09:53,Barcelona,1999-03-25,2019-02-06 12:26:31
android,2019-02-06 17:27:48,Madrid,1993-02-23,2019-02-06 17:28:10
ios,2019-02-06 18:27:51,Barcelona,1992-02-24,2019-02-21 23:41:27
android,2019-02-06 10:35:24,Madrid,1997-04-15,2019-02-06 10:35:52
android,2019-02-06 14:19:01,Madrid,1984-09-10,2019-02-06 14:19:31
ios,2019-02-06 14:44:48,Madrid,1992-11-20,2019-02-06 14:45:06
android,2019-02-06 17:32:11,Barcelona,1994-09-15,2019-02-06 17:32:32
android,2019-02-06 14:08:57,Madrid,1989-10-19,2019-02-06 14:09:14
android,2019-02-06 8:48:28,Madrid,1972-01-02,2019-03-19 17:22:30
ios,2019-02-06 17:09:10,Barcelona,1995-01-26,2019-02-06 17:11:47
ios,2019-02-06 22:36:42,Barcelona,1992-01-01,2019-02-06 22:36:52
android,2019-02-06 22:58:40,Barcelona,1993-12-03,2019-04-08 14:12:54
ios,2019-02-06 15:47:02,Barcelona,1996-03-26,2019-02-06 15:48:11
web,2019-02-06 19:20:14,Madrid,1983-09-27,2019-02-06 19:20:31
android,2019-02-06 17:38:26,Barcelona,1982-11-08,2019-02-06 17:39:10
android,2019-02-06 13:07:35,Barcelona,1987-04-01,2019-02-06 13:07:56
android,2019-02-06 14:39:59,Barcelona,1992-03-17,2019-02-06 14:40:14
ios,2019-02-06 22:12:47,Barcelona,1994-01-04,2019-05-02 14:32:53
ios,2019-02-06 21:59:47,Barcelona,1983-01-11,2019-02-06 22:02:08
ios,2019-02-06 17:47:43,Madrid,1991-03-07,2019-02-06 17:48:02
web,2019-02-06 22:15:04,Barcelona,2000-10-20,2019-02-06 22:15:42
ios,2019-02-06 19:48:25,Barcelona,1997-10-10,2019-02-06 19:48:43
ios,2019-02-06 21:16:38,Barcelona,1994-09-26,2019-02-06 21:16:51
ios,2019-02-06 12:32:14,Madrid,1996-02-19,2019-02-06 12:32:30
android,2019-02-06 14:49:39,Madrid,1985-02-26,2019-02-06 14:50:49
android,2019-02-06 17:18:15,Barcelona,1996-02-13,2019-02-06 17:19:46
android,2019-02-06 13:20:25,Barcelona,1993-05-28,2019-02-06 13:21:01
android,2019-02-06 10:32:52,Madrid,1982-09-23,2019-02-06 10:33:27
android,2019-02-06 14:42:48,Madrid,1960-04-28,2019-02-06 14:43:02
android,2019-02-06 19:36:36,Barcelona,1996-06-19,2019-02-06 19:36:57
android,2019-02-06 18:37:12,Barcelona,1991-11-28,2019-02-10 14:49:13
android,2019-02-06 8:20:38,Valencia,1994-04-24,2019-02-06 8:32:45
ios,2019-02-06 20:52:49,Valencia,1992-06-25,2019-02-06 20:57:51
android,2019-02-06 0:12:35,Madrid,1988-09-04,2019-04-07 8:36:37
android,2019-01-21 21:33:14,Madrid,1993-12-11,2019-01-21 22:05:49
ios,2019-01-21 13:35:38,Madrid,1997-02-19,2019-01-21 15:29:58
android,2019-01-21 18:35:25,Barcelona,1997-05-23,2019-01-21 18:38:50
ios,2019-01-21 22:19:00,Barcelona,1991-05-06,2019-01-21 22:47:04
web,2019-01-21 14:20:53,Barcelona,1992-12-01,
ios,2019-01-21 23:08:47,Madrid,1994-02-16,2019-01-21 23:13:20
ios,2019-01-19 23:08:59,Barcelona,1982-07-13,
android,2019-01-21 14:40:06,Madrid,2000-03-05,2019-01-21 14:52:40
android,2019-01-21 3:33:42,Barcelona,1992-01-23,2019-01-21 19:26:50
android,2019-01-21 8:48:32,Madrid,1981-08-09,2019-01-21 8:49:35
android,2019-01-21 14:23:16,Madrid,1987-09-26,2019-05-18 16:21:58
android,2019-01-21 16:01:38,Madrid,1992-03-03,2019-01-21 16:03:35
ios,2019-01-21 16:58:45,Barcelona,1998-11-09,2019-04-26 11:07:27
web,2019-01-21 18:35:28,Valencia,1997-03-01,2019-01-21 18:35:38
android,2019-01-21 8:12:26,Madrid,1984-05-18,2019-01-21 12:04:48
ios,2019-01-21 0:51:07,Madrid,1992-02-22,2019-02-04 22:07:48
ios,2019-01-21 13:58:29,Barcelona,1992-04-17,2019-01-21 14:01:47
android,2019-01-21 12:03:16,Madrid,1974-05-06,2019-01-21 12:07:22
ios,2019-01-21 22:05:41,Madrid,1986-12-20,2019-01-21 22:06:49
android,2019-01-21 20:06:03,Madrid,1900-08-11,2019-01-22 0:45:34
android,2019-01-21 19:12:14,Valencia,1993-02-13,2019-01-21 19:12:57
ios,2019-01-21 13:40:53,Barcelona,1989-01-10,2019-01-21 13:42:33
ios,2019-01-21 10:08:22,Barcelona,1997-02-03,2019-01-21 10:14:08
web,2019-01-21 17:39:21,Madrid,1993-03-21,2019-01-21 17:39:38
web,2019-01-21 13:36:47,Madrid,1993-08-02,2019-01-22 8:38:54
ios,2019-01-21 17:48:14,Madrid,1987-09-28,2019-01-21 17:48:53
android,2019-01-21 15:55:28,Madrid,1992-08-30,2019-01-22 9:03:55
web,2019-01-21 10:11:04,Valencia,1981-02-03,2019-01-21 10:11:35
ios,2019-01-21 18:48:12,Madrid,1995-02-23,2019-01-21 19:00:57
android,2019-01-21 16:05:30,Madrid,1983-11-15,2019-01-30 18:09:42
android,2019-01-21 12:36:17,Barcelona,1997-05-10,2019-01-21 12:36:49
android,2019-01-21 5:38:35,Madrid,1988-09-09,2019-01-21 5:44:36
android,2019-01-21 14:21:44,Barcelona,1993-09-10,2019-01-21 14:23:07
android,2019-01-21 18:41:07,Barcelona,1968-01-25,2019-01-25 11:17:41
android,2019-01-21 19:46:28,Madrid,1993-11-14,2019-01-21 21:40:30
android,2019-01-21 19:37:07,Barcelona,1993-09-30,2019-01-21 20:22:49
android,2019-01-21 8:13:42,Barcelona,1991-03-09,2019-01-21 8:36:05
web,2019-01-21 17:25:55,Barcelona,1990-05-28,2019-01-21 17:27:57
web,2019-01-21 22:18:12,Madrid,1984-01-04,2019-01-21 22:33:02
android,2019-01-21 10:59:35,Barcelona,1983-06-25,2019-01-21 11:03:10
android,2019-01-21 22:09:27,Madrid,1996-06-27,2019-01-21 22:21:51
android,2019-01-21 11:32:36,Madrid,1990-08-29,2019-01-21 11:32:50
ios,2019-01-21 22:11:39,Madrid,1978-02-10,
ios,2019-01-21 10:52:46,Madrid,1987-10-24,2019-01-21 10:54:05
android,2019-01-16 12:11:38,Madrid,1991-08-10,2019-01-16 21:12:49
ios,2019-01-16 21:02:44,Barcelona,1996-07-08,2019-01-16 21:08:13
ios,2019-01-16 19:01:24,Barcelona,1999-10-07,2019-01-16 19:08:08
ios,2019-01-16 15:50:04,Madrid,1993-09-04,2019-01-16 15:51:32
android,2019-01-22 20:52:21,Barcelona,2001-02-11,
android,2019-01-22 21:19:59,Madrid,1990-02-28,2019-01-22 21:23:33
android,2019-01-25 7:27:57,Madrid,1987-07-14,2019-01-25 7:29:56
android,2019-01-25 0:05:21,Madrid,1997-02-21,2019-01-25 0:07:42
ios,2019-01-16 13:49:30,Madrid,1985-03-01,2019-01-17 10:07:32
ios,2019-01-25 10:45:57,Madrid,1997-10-31,
android,2019-01-16 8:25:12,Barcelona,1985-09-26,2019-01-16 8:41:05
ios,2019-01-16 18:14:43,Barcelona,1987-04-06,2019-01-16 18:16:45
android,2019-01-22 21:14:36,Madrid,1997-09-03,2019-01-22 21:23:18
android,2019-01-25 13:10:14,Madrid,1996-08-02,2019-05-07 9:09:53
android,2019-01-25 12:38:10,Madrid,1984-04-02,2019-05-27 11:11:10
ios,2019-01-16 21:29:49,Barcelona,1988-03-01,2019-06-09 19:43:43
ios,2019-01-25 17:44:20,Barcelona,1987-03-26,2019-01-27 8:19:31
android,2019-01-22 12:35:15,Madrid,1996-02-11,2019-01-22 12:38:11
android,2019-01-22 16:48:08,Madrid,1982-06-08,2019-01-22 16:49:46
web,2019-01-16 13:59:27,Barcelona,1996-05-08,2019-01-16 14:10:25
android,2019-01-25 17:30:42,Madrid,1989-05-30,2019-01-25 17:33:46
android,2019-01-16 8:07:55,Madrid,1995-10-19,2019-01-16 8:10:06
ios,2019-01-25 20:38:15,Madrid,1995-08-15,2019-01-25 20:38:50
ios,2019-01-25 18:29:56,Barcelona,1991-09-01,2019-04-18 11:18:10
ios,2019-01-22 21:23:47,Madrid,1992-05-28,2019-01-22 21:33:02
android,2019-01-25 14:43:45,Madrid,1980-02-14,2019-01-25 14:46:44
ios,2019-01-22 4:37:18,Barcelona,1989-07-21,2019-01-23 0:15:39
ios,2019-01-16 13:44:03,Madrid,1987-01-09,2019-04-17 21:25:18
android,2019-01-25 6:02:39,Madrid,1981-02-26,2019-01-25 6:05:51
ios,2019-01-16 6:38:39,Barcelona,1995-11-23,2019-01-16 6:49:23
web,2019-01-25 14:12:22,Barcelona,1984-09-26,2019-02-15 8:39:18
android,2019-01-22 14:34:04,Madrid,1994-03-25,2019-01-22 15:00:28
android,2019-01-22 21:05:29,Madrid,1991-04-24,2019-01-22 21:15:22
android,2019-01-16 17:00:22,Madrid,1990-05-08,2019-01-17 15:57:29
android,2019-01-25 18:46:58,Valencia,1990-11-09,2019-01-25 18:51:31
ios,2019-01-16 22:32:55,Madrid,1996-05-04,2019-04-13 23:19:53
ios,2019-01-25 20:53:01,Madrid,2001-01-23,2019-01-25 20:57:31
android,2019-01-16 22:40:13,Barcelona,1977-01-12,2019-01-23 14:23:17
ios,2019-01-16 10:38:46,Madrid,1993-05-16,2019-01-16 10:41:23
android,2019-01-25 10:41:20,Barcelona,1987-12-21,2019-01-25 11:53:32
android,2019-01-16 17:09:36,Barcelona,1996-01-22,2019-01-17 11:06:35
ios,2019-01-22 7:05:02,Barcelona,1990-05-16,2019-03-19 12:39:24
android,2019-01-16 13:28:29,Madrid,1995-05-23,2019-01-16 13:31:59
android,2019-01-16 20:09:18,Barcelona,1989-12-23,2019-01-16 20:09:40
ios,2019-01-22 9:53:20,Barcelona,1981-03-10,2019-01-22 9:57:58
android,2019-01-16 9:13:22,Barcelona,1989-02-23,2019-01-16 9:15:19
ios,2019-01-16 11:47:02,Barcelona,1993-03-19,2019-02-19 0:23:01
ios,2019-01-16 17:57:27,Madrid,1987-06-15,2019-01-16 18:00:09
android,2019-01-22 16:27:21,Valencia,1989-12-17,2019-02-06 18:45:29
android,2019-01-22 0:24:31,Barcelona,1997-01-09,2019-01-22 0:28:42
android,2019-01-25 7:37:27,Valencia,1993-12-14,2019-01-25 7:48:16
android,2019-01-25 12:22:51,Madrid,1982-04-09,2019-01-25 12:27:24
ios,2019-01-22 22:37:47,Madrid,1981-10-28,2019-01-22 22:38:54
android,2019-01-22 15:15:21,Barcelona,1984-11-23,2019-01-22 15:21:09
android,2019-01-22 10:38:09,Madrid,1974-09-21,2019-08-17 7:14:35
android,2019-01-16 16:25:25,Barcelona,1995-09-25,
android,2019-01-22 0:15:44,Madrid,1995-06-10,2019-04-22 23:50:00
ios,2019-01-25 10:21:39,Madrid,1983-05-14,2019-05-25 7:58:09
web,2019-01-16 22:16:19,Barcelona,1993-10-21,2019-01-16 22:25:27
ios,2019-01-16 21:13:05,Valencia,1970-12-26,2019-03-02 23:45:06
android,2019-01-16 17:57:33,Barcelona,1988-02-06,2019-01-16 18:10:38
ios,2019-01-22 14:09:47,Barcelona,1998-09-11,2019-01-22 14:14:39
web,2019-01-22 20:50:50,Madrid,1999-04-16,2019-01-22 22:04:26
android,2019-01-25 18:46:51,Madrid,1988-05-06,2019-01-25 18:48:12
android,2019-01-25 11:21:19,Barcelona,1996-12-12,2019-03-24 8:00:23
android,2019-01-16 16:52:02,Madrid,1983-02-06,2019-01-16 16:57:18
web,2019-01-22 17:14:02,Madrid,1993-02-06,2019-01-22 17:15:20
android,2019-01-25 13:37:34,Barcelona,1996-11-06,2019-02-07 11:26:45
web,2019-01-22 21:23:08,Barcelona,1991-10-21,2019-01-22 21:25:08
android,2019-01-16 18:26:56,Barcelona,1962-06-02,2019-01-16 18:27:39
android,2019-01-22 23:12:12,Madrid,1989-09-21,2019-01-23 0:43:02
android,2019-01-25 11:05:09,Barcelona,1994-01-24,2019-01-25 11:47:13
android,2019-01-25 17:17:47,Valencia,1999-04-06,2019-01-25 17:24:24
android,2019-01-16 12:04:45,Madrid,1991-07-21,2019-01-18 17:14:11
ios,2019-01-16 10:40:35,Madrid,1993-11-20,
ios,2019-01-16 8:18:14,Madrid,1974-09-05,2019-01-16 8:19:39
ios,2019-01-25 20:13:56,Madrid,1995-08-02,2019-01-25 20:15:05
ios,2019-01-22 21:05:45,Madrid,1995-04-07,2019-01-22 23:40:00
ios,2019-01-16 16:11:20,Barcelona,1989-08-31,
android,2019-01-16 10:16:42,Barcelona,1994-12-24,2019-01-16 10:18:02
android,2019-01-16 9:28:16,Madrid,1995-09-22,2019-01-16 9:28:51
ios,2019-01-22 17:14:30,Barcelona,1998-04-30,2019-01-25 16:07:14
android,2019-01-22 17:08:05,Madrid,1982-04-24,2019-01-22 17:10:11
android,2019-01-16 13:41:52,Madrid,1984-04-07,2019-01-16 13:44:26
web,2019-01-25 11:50:15,Barcelona,1990-03-16,
ios,2019-01-16 15:58:58,Valencia,1998-07-03,2019-01-16 16:08:58
android,2019-01-22 18:15:57,Barcelona,1987-08-18,2019-02-06 19:42:16
ios,2019-01-25 12:16:13,Barcelona,1992-12-20,2019-02-02 13:46:32
web,2019-01-25 12:12:04,Madrid,1997-08-22,2019-01-25 12:24:59
android,2019-01-22 8:40:08,Madrid,1975-06-09,2019-01-22 8:42:26
ios,2019-01-22 15:56:04,Barcelona,1996-02-11,2019-01-22 15:57:50
android,2019-01-22 18:34:58,Madrid,1962-03-31,2019-01-22 18:37:00
android,2019-01-16 16:48:28,Madrid,1990-05-20,2019-01-29 14:23:35
android,2019-01-16 11:44:24,Barcelona,1985-06-09,2019-09-06 21:46:32
ios,2019-01-16 23:17:23,Madrid,1989-07-25,2019-01-16 23:20:27
android,2019-01-25 12:10:58,Barcelona,1972-07-21,
ios,2019-01-16 13:35:51,Barcelona,1978-04-15,2019-01-18 23:42:45
web,2019-01-22 19:01:11,Barcelona,1990-07-14,2019-02-12 19:25:09
android,2019-01-16 22:36:46,Barcelona,1991-04-21,2019-01-16 22:38:57
android,2019-01-16 13:52:53,Madrid,1996-02-10,2019-01-16 14:00:07
ios,2019-01-22 17:39:20,Barcelona,1995-09-04,2019-08-08 21:45:22
ios,2019-01-16 8:56:53,Barcelona,1981-08-18,2019-01-16 8:57:47
ios,2019-01-16 19:34:38,Madrid,1996-11-20,2019-01-28 20:19:42
ios,2019-01-25 10:45:27,Madrid,1990-02-10,2019-01-25 10:49:14
android,2019-01-25 21:53:51,Madrid,1967-03-11,
ios,2019-01-25 16:40:36,Barcelona,1988-02-29,2019-01-25 16:45:22
android,2019-01-16 13:39:09,Madrid,1997-09-11,2019-01-16 13:40:22
web,2019-01-25 19:19:53,Barcelona,1991-10-14,2019-02-23 10:00:51
android,2019-01-22 20:25:14,Madrid,1996-09-15,2019-03-02 18:24:19
android,2019-01-25 6:50:30,Madrid,1990-04-03,2019-01-25 6:57:39
ios,2019-01-22 14:03:45,Madrid,1991-06-03,2019-01-22 14:16:22
ios,2019-01-25 10:26:14,Madrid,1995-03-31,2019-01-25 13:54:36
android,2019-01-22 19:02:08,Barcelona,1991-08-13,2019-01-22 19:08:49
ios,2019-01-16 12:01:52,Barcelona,1988-11-08,2019-01-16 12:24:37
ios,2019-01-16 17:45:18,Madrid,1995-12-15,2019-01-16 18:03:48
android,2019-01-25 15:45:33,Barcelona,1991-01-01,2019-01-25 15:46:20
android,2019-01-22 11:46:38,Madrid,1986-02-11,2019-01-22 11:57:12
android,2019-01-25 10:56:41,Madrid,1992-11-12,2019-01-25 10:57:40
android,2019-01-16 14:46:57,Barcelona,1987-02-17,
ios,2019-01-16 17:47:27,Barcelona,1991-11-30,2019-01-16 17:50:23
android,2019-01-22 22:38:38,Barcelona,1963-07-09,2019-04-18 6:18:40
web,2019-01-25 17:41:38,Valencia,1994-09-10,
android,2019-01-25 0:29:31,Madrid,1999-01-22,2019-01-25 0:33:24
web,2019-01-25 18:02:46,Madrid,1975-04-25,2019-01-25 18:04:18
android,2019-01-16 9:01:43,Barcelona,1984-03-10,2019-01-16 9:03:37
ios,2019-01-16 17:03:38,Barcelona,1997-06-21,2019-02-06 13:29:20
android,2019-02-02 18:21:21,Valencia,1987-11-03,2019-02-02 18:35:32
ios,2019-02-08 17:59:52,Barcelona,1992-08-30,2019-02-11 19:28:42
ios,2019-02-08 10:53:16,Barcelona,1995-01-02,2019-02-08 10:53:46
ios,2019-02-08 10:29:19,Madrid,1990-08-08,2019-02-08 10:29:47
android,2019-02-08 14:27:38,Barcelona,1974-01-02,2019-02-08 14:28:40
android,2019-02-08 11:04:29,Madrid,1995-10-22,2019-02-08 11:04:46
web,2019-02-08 18:52:38,Barcelona,1993-04-14,2019-02-08 18:52:52
ios,2019-02-08 13:11:56,Barcelona,1995-02-01,2019-02-08 13:13:39
web,2019-02-08 12:24:55,Barcelona,1994-03-25,2019-02-08 12:25:05
android,2019-02-08 12:40:08,Madrid,1981-06-02,2019-02-08 12:40:29
ios,2019-02-08 11:43:50,Madrid,2000-05-15,2019-02-08 11:44:10
android,2019-02-08 21:47:50,Valencia,1998-02-28,2019-02-08 21:52:38
web,2019-02-07 20:27:51,Barcelona,1970-11-28,2019-02-07 20:28:09
android,2019-02-08 20:57:46,Madrid,1986-09-05,2019-02-08 20:58:44
android,2019-02-08 9:05:03,Madrid,1996-06-21,2019-02-08 9:05:21
android,2019-02-08 20:31:32,Madrid,1985-06-30,2019-02-08 20:31:46
ios,2019-02-08 15:41:56,Barcelona,1993-12-09,2019-02-08 15:42:14
ios,2019-02-08 15:33:13,Barcelona,1985-09-06,2019-02-08 15:34:03
ios,2019-02-08 11:47:21,Madrid,1996-01-05,2019-02-08 11:47:41
android,2019-02-08 22:06:48,Barcelona,1995-06-25,2019-02-08 22:11:54
web,2019-02-08 18:38:07,Barcelona,1993-06-01,2019-02-08 18:38:23
web,2019-02-08 21:51:01,Madrid,1994-12-04,2019-02-08 21:51:13
ios,2019-02-08 21:05:03,Madrid,1987-04-24,2019-02-08 21:05:38
web,2019-02-08 14:04:46,Madrid,1994-06-08,2019-02-08 14:04:56
ios,2019-02-08 7:49:30,Valencia,1991-04-17,2019-02-09 13:33:16
ios,2019-02-08 10:53:15,Barcelona,1987-03-04,2019-02-08 10:53:36
ios,2019-02-08 23:18:46,Barcelona,1991-07-10,2019-02-08 23:18:59
android,2019-02-08 6:59:33,Barcelona,1989-10-20,2019-02-22 16:16:59
ios,2019-02-08 15:28:42,Barcelona,1988-02-05,2019-02-08 15:29:37
ios,2019-02-08 12:58:25,Barcelona,1998-04-29,2019-02-08 12:58:38
android,2019-02-08 10:11:49,Madrid,1987-12-03,2019-02-08 10:12:07
android,2019-02-08 11:20:52,Madrid,1993-06-01,2019-02-08 11:21:08
android,2019-02-08 11:19:02,Barcelona,1985-05-22,2019-02-08 11:19:23
ios,2019-02-08 20:51:47,Madrid,1987-07-11,2019-02-08 20:52:25
ios,2019-02-08 20:57:54,Madrid,1984-05-06,2019-02-08 20:59:23
android,2019-02-08 23:15:27,Madrid,1993-04-24,2019-02-08 23:15:43
web,2019-02-08 10:06:39,Madrid,1991-05-27,2019-02-08 10:06:58
ios,2019-02-08 8:43:57,Madrid,1995-01-07,2019-02-08 8:44:09
web,2019-02-08 1:59:12,Barcelona,1999-07-08,2019-02-08 1:59:21
ios,2019-02-08 20:12:04,Madrid,1995-10-01,2019-02-08 20:12:31
web,2019-02-08 22:14:46,Madrid,1978-09-23,2019-02-08 22:14:58
web,2019-02-08 21:44:50,Barcelona,1963-02-12,2019-02-08 21:46:36
web,2019-02-08 12:39:43,Madrid,1988-02-06,2019-02-08 12:40:23
android,2019-02-08 11:30:02,Barcelona,1993-04-12,2019-02-08 11:50:54
ios,2019-02-08 1:28:18,Madrid,1993-01-09,2019-02-08 1:28:34
ios,2019-02-08 14:08:36,Madrid,1994-04-24,2019-02-08 14:08:57
android,2019-02-08 11:47:25,Madrid,1992-07-28,2019-02-08 11:47:57
web,2019-02-08 15:56:07,Barcelona,1987-01-02,2019-02-08 15:57:29
android,2019-02-08 0:56:55,Barcelona,1991-04-19,2019-02-08 0:57:13
ios,2019-02-08 10:00:39,Barcelona,1998-01-31,2019-02-08 10:00:50
ios,2019-02-08 20:37:29,Madrid,1997-07-07,2019-02-08 20:37:49
web,2019-02-08 13:00:08,Madrid,1991-01-01,2019-02-08 13:03:13
android,2019-02-08 20:34:35,Madrid,1995-07-16,2019-02-08 20:39:49
android,2019-02-08 19:10:33,Madrid,1987-12-01,2019-02-08 19:10:49
ios,2019-02-08 16:53:54,Barcelona,1983-05-19,2019-02-08 16:54:06
android,2019-02-08 17:06:59,Madrid,1954-03-17,2019-02-08 17:07:18
android,2019-02-08 21:24:29,Barcelona,1992-04-22,2019-02-08 21:24:50
ios,2019-02-08 22:21:43,Barcelona,1993-06-01,2019-02-08 22:21:59
android,2019-02-08 19:17:27,Madrid,1993-06-25,2019-02-08 19:17:42
web,2019-02-08 16:20:19,Barcelona,1982-01-05,2019-02-08 16:20:44
ios,2019-02-08 9:38:12,Barcelona,1996-07-03,2019-02-08 9:38:25
android,2019-02-08 15:46:55,Barcelona,1999-03-08,2019-02-08 15:47:06
android,2019-02-08 14:42:07,Madrid,2000-04-25,2019-02-08 14:46:53
web,2019-02-08 19:57:03,Madrid,1995-12-02,2019-02-08 19:57:17
ios,2019-02-08 15:39:52,Madrid,1993-02-20,2019-02-08 15:40:08
ios,2019-02-08 8:58:09,Madrid,1997-12-11,
android,2019-02-08 23:04:40,Madrid,1986-03-04,2019-02-08 23:07:10
ios,2019-02-08 21:00:31,Madrid,1970-03-10,2019-02-08 21:00:51
android,2019-02-08 16:46:29,Barcelona,1987-08-15,2019-02-08 16:47:23
android,2019-02-08 15:31:40,Madrid,1979-02-19,2019-02-08 15:32:01
android,2019-02-08 21:23:45,Madrid,1979-11-26,2019-02-08 21:24:00
android,2019-02-08 12:18:07,Barcelona,1972-09-27,2019-02-08 12:24:59
ios,2019-02-08 14:09:12,Barcelona,1995-07-01,2019-02-08 14:09:29
android,2019-02-08 19:18:15,Valencia,1993-05-21,2019-02-08 19:18:38
web,2019-02-08 18:45:28,Barcelona,1992-03-02,2019-02-08 18:45:38
android,2019-02-08 17:00:27,Barcelona,1990-03-06,2019-02-08 17:00:44
android,2019-02-08 9:47:12,Madrid,1985-02-02,2019-02-08 9:47:31
ios,2019-02-08 3:29:51,Madrid,1996-01-15,2019-02-08 3:30:11
web,2019-02-08 8:33:23,Barcelona,1975-07-13,2019-02-08 8:33:47
ios,2019-02-08 15:41:04,Barcelona,1992-04-11,2019-02-08 15:41:44
web,2019-02-08 21:13:37,Barcelona,1994-12-29,2019-02-08 21:14:13
ios,2019-02-08 11:38:57,Madrid,2000-03-19,2019-02-08 11:39:11
android,2019-01-29 18:29:30,Barcelona,1989-08-29,2019-05-23 23:25:50
ios,2019-01-29 0:10:25,Barcelona,1987-08-03,2019-01-29 0:28:15
android,2019-01-29 22:26:56,Barcelona,2001-02-19,2019-01-30 0:08:12
android,2019-01-29 9:23:31,Madrid,1989-12-09,2019-02-12 16:09:44
android,2019-01-29 20:40:18,Madrid,1992-02-23,2019-01-29 20:45:14
web,2019-01-29 12:25:32,Madrid,1970-08-01,2019-02-09 17:25:57
android,2019-01-29 16:17:41,Madrid,1995-04-19,2019-01-29 16:18:27
ios,2019-01-29 20:56:13,Barcelona,1976-11-26,2019-06-12 21:22:38
android,2019-01-29 12:37:31,Barcelona,1974-10-20,2019-01-29 12:51:10
android,2019-01-29 20:14:40,Barcelona,1991-02-19,2019-01-29 20:16:35
web,2019-01-29 12:56:32,Barcelona,1980-04-13,2019-02-16 13:19:35
ios,2019-01-29 21:58:53,Valencia,1991-03-19,2019-01-29 22:10:41
ios,2019-01-29 15:30:44,Barcelona,2000-05-18,2019-01-29 15:36:16
ios,2019-01-29 12:58:38,Barcelona,1989-09-22,2019-01-29 13:24:32
ios,2019-01-29 23:19:03,Madrid,1997-09-05,2019-01-29 23:52:05
ios,2019-01-29 22:11:25,Madrid,1997-03-21,2019-01-29 22:12:55
android,2019-01-29 10:38:51,Madrid,1991-07-03,2019-01-29 10:46:04
android,2019-01-29 22:32:32,Barcelona,1991-11-20,2019-01-29 22:37:58
android,2019-01-29 5:38:52,Madrid,1993-09-15,
ios,2019-01-29 21:33:58,Barcelona,1959-09-01,2019-04-23 12:26:42
ios,2019-01-29 12:05:55,Madrid,1994-04-13,2019-01-29 12:07:17
android,2019-01-29 23:47:02,Madrid,1987-03-25,2019-04-07 23:27:43
web,2019-01-28 23:54:19,Madrid,1991-03-03,2019-01-28 23:55:24
android,2019-01-29 9:36:27,Valencia,1986-05-06,2019-01-29 9:41:13
ios,2019-01-29 19:57:56,Barcelona,1988-03-03,2019-02-06 12:09:06
android,2019-01-29 8:49:49,Madrid,1991-11-02,2019-04-05 16:16:38
android,2019-01-29 23:45:40,Barcelona,1991-09-05,2019-01-30 7:38:17
web,2019-01-29 16:02:54,Barcelona,1995-12-09,2019-04-30 19:52:15
ios,2019-01-29 12:46:22,Madrid,1998-10-21,2019-02-10 19:38:28
ios,2019-01-29 7:21:56,Barcelona,1978-10-02,2019-02-12 6:36:53
web,2019-01-29 21:31:14,Barcelona,1977-06-09,2019-01-29 21:31:39
android,2019-01-29 11:14:01,Valencia,1997-05-18,2019-01-29 11:16:10
ios,2019-01-29 21:15:07,Madrid,1998-03-18,2019-01-29 21:18:54
ios,2019-01-29 8:41:08,Barcelona,1986-10-03,2019-02-03 7:37:03
web,2019-01-29 12:29:26,Barcelona,1996-08-14,2019-01-29 12:45:29
android,2019-01-29 15:28:42,Barcelona,1993-04-14,2019-02-16 19:43:25
android,2019-01-29 18:17:19,Barcelona,1982-11-30,2019-01-29 18:40:17
android,2019-01-29 19:23:35,Barcelona,1974-10-09,2019-03-03 20:40:30
android,2019-01-29 23:32:58,Madrid,1994-09-05,2019-05-31 0:19:35
web,2019-01-20 10:12:46,Valencia,1983-07-22,2019-01-20 10:13:18
ios,2019-01-20 14:05:40,Valencia,1994-03-07,2019-01-20 15:21:03
ios,2019-01-20 12:58:38,Madrid,1995-09-22,2019-01-20 12:59:47
android,2019-01-20 14:45:22,Madrid,1990-01-20,2019-01-24 23:04:17
web,2019-01-20 16:16:56,Barcelona,1992-05-31,
android,2019-01-20 9:44:07,Barcelona,1977-10-28,2019-02-11 12:21:36
ios,2019-01-20 21:32:56,Madrid,1988-11-29,2019-01-21 14:59:49
android,2019-01-28 7:20:12,Barcelona,1996-12-24,2019-03-24 13:19:32
ios,2019-01-20 15:29:45,Madrid,1991-11-28,2019-01-20 15:30:20
android,2019-01-20 21:29:54,Madrid,1990-01-05,2019-01-20 21:45:24
ios,2019-01-20 10:37:26,Madrid,1990-11-15,2019-01-20 10:54:05
android,2019-01-20 0:50:08,Barcelona,1988-08-30,
android,2019-01-20 13:41:38,Madrid,1985-02-02,2019-01-20 13:42:45
android,2019-01-20 17:11:08,Madrid,1992-06-24,2019-01-20 18:10:18
android,2019-01-20 14:09:07,Barcelona,1985-03-31,2019-01-20 14:13:30
ios,2019-01-20 0:28:48,Barcelona,1996-03-26,
ios,2019-01-20 22:50:38,Barcelona,1999-05-04,2019-04-23 16:44:39
android,2019-01-20 17:29:35,Madrid,1981-02-18,2019-01-20 17:36:45
ios,2019-01-20 18:22:16,Barcelona,1996-10-07,2019-01-20 18:26:54
ios,2019-01-20 19:03:11,Valencia,1993-07-21,2019-01-21 9:55:17
android,2019-01-20 12:54:03,Barcelona,1996-03-19,2019-01-20 12:56:16
ios,2019-01-20 14:16:46,Madrid,1998-10-19,2019-02-14 21:46:06
android,2019-01-20 17:53:43,Madrid,1994-07-31,2019-03-30 0:56:14
android,2019-01-20 22:27:31,Barcelona,1988-01-11,2019-03-26 11:27:09
android,2019-01-20 22:33:15,Madrid,1994-12-19,2019-01-20 22:44:51
android,2019-01-20 15:37:27,Barcelona,1989-09-25,2019-01-20 15:43:59
android,2019-01-20 10:10:00,Madrid,1992-07-24,2019-03-19 11:07:49
ios,2019-01-20 13:47:20,Barcelona,1978-12-07,2019-01-20 13:52:09
android,2019-01-20 14:07:26,Madrid,1995-03-05,2019-01-20 14:19:37
ios,2019-01-20 23:56:19,Madrid,1968-04-07,2019-01-20 23:59:32
android,2019-01-20 8:04:03,Barcelona,1990-02-08,2019-01-20 8:11:29
ios,2019-01-20 17:10:34,Barcelona,1990-07-27,2019-01-20 17:11:57
web,2019-01-31 20:11:26,Barcelona,1992-12-18,2019-02-12 12:24:59
android,2019-01-31 0:11:18,Madrid,1993-09-23,2019-01-31 0:14:39
ios,2019-01-31 0:02:13,Madrid,1997-11-09,2019-01-31 0:03:24
ios,2019-01-31 18:29:18,Barcelona,1996-09-14,2019-01-31 18:46:09
ios,2019-01-31 7:50:21,Barcelona,1992-01-20,2019-01-31 7:58:39
android,2019-01-31 6:17:17,Barcelona,2000-09-08,2019-01-31 6:21:36
android,2019-01-31 10:30:02,Madrid,1982-02-23,2019-01-31 10:30:33
android,2019-01-31 8:02:19,Barcelona,1998-08-05,2019-02-19 14:04:52
android,2019-01-31 19:39:24,Barcelona,1995-07-30,
ios,2019-01-31 7:08:17,Madrid,2000-03-13,2019-06-25 17:23:02
web,2019-01-31 16:09:48,Madrid,1978-01-03,2019-01-31 16:15:10
android,2019-01-31 20:30:53,Valencia,1990-01-23,2019-02-11 19:17:54
android,2019-01-31 0:53:58,Barcelona,1996-03-20,2019-01-31 0:55:25
ios,2019-01-31 15:40:18,Madrid,1988-02-21,2019-01-31 15:46:54
android,2019-01-31 8:42:27,Barcelona,1959-02-14,2019-02-10 22:11:49
ios,2019-01-31 9:37:07,Barcelona,1985-02-20,2019-02-01 1:41:49
ios,2019-01-31 19:02:53,Barcelona,1989-05-23,2019-01-31 19:27:05
ios,2019-01-31 23:07:35,Madrid,1992-09-17,2019-01-31 23:12:13
android,2019-01-31 18:52:09,Barcelona,1980-09-27,2019-03-16 17:50:52
android,2019-01-31 11:39:08,Madrid,1988-08-27,2019-02-06 20:58:08
ios,2019-01-31 15:27:59,Barcelona,1983-01-01,2019-01-31 15:37:06
android,2019-01-31 9:11:07,Barcelona,1987-02-12,2019-01-31 9:15:34
android,2019-01-31 22:10:52,Madrid,1992-09-21,2019-02-01 19:06:56
android,2019-01-31 14:10:54,Barcelona,1988-06-08,2019-01-31 17:13:35
ios,2019-01-31 12:35:17,Barcelona,1997-02-20,2019-01-31 12:36:40
web,2019-01-31 9:40:15,Barcelona,1990-07-22,2019-01-31 9:58:38
android,2019-01-31 2:22:05,Madrid,1997-04-22,2019-01-31 2:34:02
android,2019-01-31 13:20:03,Madrid,1992-02-27,2019-01-31 14:28:49
android,2019-01-31 21:42:00,Madrid,1996-12-31,2019-02-02 17:36:23
ios,2019-01-31 17:10:21,Madrid,1995-06-27,2019-01-31 17:17:58
android,2019-01-31 12:16:43,Madrid,1998-10-15,2019-01-31 12:17:30
android,2019-01-31 12:46:17,Barcelona,1974-11-16,2019-01-31 14:03:21
android,2019-01-31 15:09:45,Madrid,1991-02-14,
android,2019-01-31 22:50:38,Madrid,1993-01-01,2019-01-31 22:57:00
android,2019-01-31 7:51:23,Barcelona,1991-07-23,2019-01-31 7:59:39
android,2019-01-31 22:41:13,Barcelona,1993-02-09,2019-01-31 22:44:22
android,2019-01-31 17:44:07,Barcelona,1997-08-20,2019-02-20 23:32:27
ios,2019-01-31 2:46:09,Madrid,1997-02-21,2019-02-01 3:01:39
ios,2019-01-31 15:07:35,Barcelona,2001-02-06,2019-01-31 15:34:49
android,2019-01-31 0:05:24,Barcelona,1991-04-26,2019-04-21 9:38:33
android,2019-01-31 10:00:59,Barcelona,1984-06-07,2019-01-31 10:13:37
android,2019-02-06 21:32:56,Madrid,1994-12-20,2019-02-06 21:33:12
web,2019-02-08 23:33:48,Barcelona,1989-11-05,2019-02-08 23:34:10
web,2019-02-08 23:37:50,Madrid,1989-07-17,2019-02-08 23:37:59
android,2019-01-14 9:25:27,Madrid,1995-10-06,2019-09-14 20:14:58
android,2019-02-02 9:46:52,Barcelona,1989-04-30,2019-02-18 21:40:04
android,2019-02-02 11:46:49,Barcelona,1996-02-29,2019-07-16 17:08:41
android,2019-02-01 23:29:18,Madrid,1997-07-13,2019-02-02 0:05:40
ios,2019-02-02 22:23:02,Valencia,1990-07-02,2019-02-02 22:26:30
android,2019-02-02 21:05:26,Madrid,2001-01-01,2019-02-02 21:08:25
ios,2019-02-02 13:13:18,Barcelona,1996-10-22,2019-02-02 13:15:33
android,2019-02-02 1:08:16,Madrid,1986-11-30,2019-02-02 1:11:21
android,2019-02-02 13:21:51,Barcelona,1996-11-23,2019-03-17 9:48:28
android,2019-02-02 13:13:14,Madrid,1989-06-04,2019-08-23 15:38:17
android,2019-02-02 23:07:31,Madrid,1995-01-16,2019-02-02 23:14:42
ios,2019-02-02 9:58:46,Madrid,1976-03-09,2019-02-02 11:06:07
ios,2019-02-02 14:02:08,Madrid,1991-12-23,2019-02-02 15:36:27
ios,2019-02-02 10:43:50,Valencia,1991-11-27,2019-04-15 21:19:36
android,2019-02-02 10:50:02,Barcelona,1991-02-22,2019-02-02 11:31:00
android,2019-02-02 22:24:10,Madrid,1991-11-17,2019-02-02 23:01:17
web,2019-02-02 17:00:15,Barcelona,1976-02-15,
android,2019-02-02 14:58:06,Madrid,1982-10-03,2019-03-21 6:31:10
android,2019-02-02 12:16:59,Barcelona,1996-12-05,2019-02-02 13:05:20
ios,2019-02-02 1:42:35,Barcelona,1997-05-20,2019-03-01 17:47:54
ios,2019-02-02 18:22:04,Madrid,2000-08-26,2019-02-03 14:15:58
android,2019-02-02 12:46:36,Valencia,1984-08-25,2019-02-02 13:14:54
android,2019-02-02 21:33:24,Madrid,1990-02-23,
android,2019-02-02 7:00:51,Madrid,1987-06-16,2019-02-02 12:10:07
android,2019-02-02 20:51:35,Barcelona,1984-11-25,2019-02-21 8:44:19
ios,2019-02-02 9:15:05,Barcelona,1981-03-24,2019-02-02 9:18:12
android,2019-02-02 17:52:15,Barcelona,1994-02-10,2019-02-02 17:59:22
ios,2019-02-02 14:13:47,Barcelona,1992-05-01,2019-02-02 14:41:02
android,2019-02-02 19:29:45,Barcelona,2000-02-05,
android,2019-02-02 15:29:46,Barcelona,1991-06-17,2019-03-20 19:58:31
android,2019-02-02 12:27:09,Barcelona,1988-12-30,2019-02-06 17:52:55
android,2019-02-02 21:02:56,Barcelona,1995-01-01,2019-09-09 19:26:33
android,2019-02-02 17:59:13,Barcelona,1975-10-30,2019-02-06 14:11:40
ios,2019-02-02 12:50:37,Barcelona,1995-04-26,2019-02-09 11:43:49
android,2019-02-02 12:38:23,Madrid,1993-03-15,2019-03-14 0:31:17
ios,2019-02-02 15:07:20,Barcelona,1995-07-08,2019-02-07 17:01:16
android,2019-02-02 16:22:12,Madrid,1996-03-03,2019-02-02 17:29:05
android,2019-02-02 17:24:37,Valencia,1999-08-23,2019-05-12 8:21:45
android,2019-02-02 10:48:27,Madrid,1995-12-20,2019-02-02 10:59:56